Date,Event
25/5/2002,Final Exams
26/5/2002,Final Exams
27/5/2002,Final Exams
28/5/2002,Final Exams
29/5/2002,Final Exams
30/5/2002,Final Exams
31/5/2002,Final Exams
1/6/2002,Final Exams
2/6/2002,Final Exams
3/6/2002,Final Exams
4/6/2002,Final Exams
5/6/2002,Final Exams
6/6/2002,Final Exams
14/6/2003,Final Exams
15/6/2003,Final Exams
16/6/2003,Final Exams
17/6/2003,Final Exams
18/6/2003,Final Exams
19/6/2003,Final Exams
20/6/2003,Final Exams
21/6/2003,Final Exams
22/6/2003,Final Exams
23/6/2003,Final Exams
24/6/2003,Final Exams
25/6/2003,Final Exams
26/6/2003,Final Exams
29/5/2004,Final Exams
30/5/2004,Final Exams
31/5/2004,Final Exams
1/6/2004,Final Exams
2/6/2004,Final Exams
3/6/2004,Final Exams
4/6/2004,Final Exams
5/6/2004,Final Exams
6/6/2004,Final Exams
7/6/2004,Final Exams
8/6/2004,Final Exams
9/6/2004,Final Exams
10/6/2004,Final Exams
4/6/2005,Final Exams
5/6/2005,Final Exams
6/6/2005,Final Exams
7/6/2005,Final Exams
8/6/2005,Final Exams
9/6/2005,Final Exams
10/6/2005,Final Exams
11/6/2005,Final Exams
12/6/2005,Final Exams
13/6/2005,Final Exams
14/6/2005,Final Exams
15/6/2005,Final Exams
16/6/2005,Final Exams
27/5/2006,Final Exams
28/5/2006,Final Exams
29/5/2006,Final Exams
30/5/2006,Final Exams
31/5/2006,Final Exams
1/6/2006,Final Exams
2/6/2006,Final Exams
3/6/2006,Final Exams
4/6/2006,Final Exams
5/6/2006,Final Exams
6/6/2006,Final Exams
7/6/2006,Final Exams
8/6/2006,Final Exams
9/6/2007,Final Exams
10/6/2007,Final Exams
11/6/2007,Final Exams
12/6/2007,Final Exams
13/6/2007,Final Exams
14/6/2007,Final Exams
15/6/2007,Final Exams
16/6/2007,Final Exams
17/6/2007,Final Exams
18/6/2007,Final Exams
19/6/2007,Final Exams
20/6/2007,Final Exams
21/6/2007,Final Exams
14/6/2008,Final Exams
15/6/2008,Final Exams
16/6/2008,Final Exams
17/6/2008,Final Exams
18/6/2008,Final Exams
19/6/2008,Final Exams
20/6/2008,Final Exams
21/6/2008,Final Exams
22/6/2008,Final Exams
23/6/2008,Final Exams
24/6/2008,Final Exams
25/6/2008,Final Exams
26/6/2008,Final Exams
20/6/2009,Final Exams
21/6/2009,Final Exams
22/6/2009,Final Exams
23/6/2009,Final Exams
24/6/2009,Final Exams
25/6/2009,Final Exams
26/6/2009,Final Exams
27/6/2009,Final Exams
28/6/2009,Final Exams
29/6/2009,Final Exams
30/6/2009,Final Exams
1/7/2009,Final Exams
2/7/2009,Final Exams
19/6/2010,Final Exams
20/6/2010,Final Exams
21/6/2010,Final Exams
22/6/2010,Final Exams
23/6/2010,Final Exams
24/6/2010,Final Exams
25/6/2010,Final Exams
26/6/2010,Final Exams
27/6/2010,Final Exams
28/6/2010,Final Exams
29/6/2010,Final Exams
30/6/2010,Final Exams
1/7/2010,Final Exams
11/6/2011,Final Exams
12/6/2011,Final Exams
13/6/2011,Final Exams
14/6/2011,Final Exams
15/6/2011,Final Exams
16/6/2011,Final Exams
17/6/2011,Final Exams
18/6/2011,Final Exams
19/6/2011,Final Exams
20/6/2011,Final Exams
21/6/2011,Final Exams
22/6/2011,Final Exams
23/6/2011,Final Exams
26/5/2012,Final Exams
27/5/2012,Final Exams
28/5/2012,Final Exams
29/5/2012,Final Exams
30/5/2012,Final Exams
31/5/2012,Final Exams
1/6/2012,Final Exams
2/6/2012,Final Exams
3/6/2012,Final Exams
4/6/2012,Final Exams
5/6/2012,Final Exams
6/6/2012,Final Exams
7/6/2012,Final Exams
25/5/2013,Final Exams
26/5/2013,Final Exams
27/5/2013,Final Exams
28/5/2013,Final Exams
29/5/2013,Final Exams
30/5/2013,Final Exams
31/5/2013,Final Exams
1/6/2013,Final Exams
2/6/2013,Final Exams
3/6/2013,Final Exams
4/6/2013,Final Exams
5/6/2013,Final Exams
6/6/2013,Final Exams
25/5/2014,Final Exams
26/5/2014,Final Exams
27/5/2014,Final Exams
28/5/2014,Final Exams
29/5/2014,Final Exams
30/5/2014,Final Exams
31/5/2014,Final Exams
1/6/2014,Final Exams
2/6/2014,Final Exams
3/6/2014,Final Exams
4/6/2014,Final Exams
5/6/2014,Final Exams
6/6/2014,Final Exams
24/5/2015,Final Exams
25/5/2015,Final Exams
26/5/2015,Final Exams
27/5/2015,Final Exams
28/5/2015,Final Exams
29/5/2015,Final Exams
30/5/2015,Final Exams
31/5/2015,Final Exams
1/6/2015,Final Exams
2/6/2015,Final Exams
3/6/2015,Final Exams
4/6/2015,Final Exams
5/6/2015,Final Exams
15/5/2016,Final Exams
16/5/2016,Final Exams
17/5/2016,Final Exams
18/5/2016,Final Exams
19/5/2016,Final Exams
20/5/2016,Final Exams
21/5/2016,Final Exams
22/5/2016,Final Exams
23/5/2016,Final Exams
24/5/2016,Final Exams
25/5/2016,Final Exams
26/5/2016,Final Exams
27/5/2016,Final Exams
14/5/2017,Final Exams
15/5/2017,Final Exams
16/5/2017,Final Exams
17/5/2017,Final Exams
18/5/2017,Final Exams
19/5/2017,Final Exams
20/5/2017,Final Exams
21/5/2017,Final Exams
22/5/2017,Final Exams
23/5/2017,Final Exams
24/5/2017,Final Exams
25/5/2017,Final Exams
26/5/2017,Final Exams
6/5/2018,Final Exams
7/5/2018,Final Exams
8/5/2018,Final Exams
9/5/2018,Final Exams
10/5/2018,Final Exams
11/5/2018,Final Exams
12/5/2018,Final Exams
13/5/2018,Final Exams
14/5/2018,Final Exams
15/5/2018,Final Exams
16/5/2018,Final Exams
17/5/2018,Final Exams
18/5/2018,Final Exams
21/4/2019,Final Exams
22/4/2019,Final Exams
23/4/2019,Final Exams
24/4/2019,Final Exams
25/4/2019,Final Exams
26/4/2019,Final Exams
27/4/2019,Final Exams
28/4/2019,Final Exams
29/4/2019,Final Exams
30/4/2019,Final Exams
1/5/2019,Final Exams
2/5/2019,Final Exams
3/5/2019,Final Exams
3/5/2020,Final Exams
4/5/2020,Final Exams
5/5/2020,Final Exams
6/5/2020,Final Exams
7/5/2020,Final Exams
8/5/2020,Final Exams
9/5/2020,Final Exams
10/5/2020,Final Exams
11/5/2020,Final Exams
12/5/2020,Final Exams
13/5/2020,Final Exams
14/5/2020,Final Exams
15/5/2020,Final Exams
13/4/2021,Final Exams
14/4/2021,Final Exams
15/4/2021,Final Exams
16/4/2021,Final Exams
17/4/2021,Final Exams
18/4/2021,Final Exams
19/4/2021,Final Exams
20/4/2021,Final Exams
21/4/2021,Final Exams
22/4/2021,Final Exams
23/4/2021,Final Exams
24/4/2021,Final Exams
25/4/2021,Final Exams
26/4/2021,Final Exams
27/4/2021,Final Exams
28/4/2021,Final Exams
29/4/2021,Final Exams
7/9/2002,School Start
8/9/2002,School Start
9/9/2002,School Start
10/9/2002,School Start
11/9/2002,School Start
12/9/2002,School Start
13/9/2002,School Start
14/9/2002,School Start
15/9/2002,School Start
16/9/2002,School Start
17/9/2002,School Start
18/9/2002,School Start
19/9/2002,School Start
20/9/2002,School Start
21/9/2002,School Start
6/9/2003,School Start
7/9/2003,School Start
8/9/2003,School Start
9/9/2003,School Start
10/9/2003,School Start
11/9/2003,School Start
12/9/2003,School Start
13/9/2003,School Start
14/9/2003,School Start
15/9/2003,School Start
16/9/2003,School Start
17/9/2003,School Start
18/9/2003,School Start
19/9/2003,School Start
20/9/2003,School Start
4/9/2004,School Start
5/9/2004,School Start
6/9/2004,School Start
7/9/2004,School Start
8/9/2004,School Start
9/9/2004,School Start
10/9/2004,School Start
11/9/2004,School Start
12/9/2004,School Start
13/9/2004,School Start
14/9/2004,School Start
15/9/2004,School Start
16/9/2004,School Start
17/9/2004,School Start
18/9/2004,School Start
3/9/2005,School Start
4/9/2005,School Start
5/9/2005,School Start
6/9/2005,School Start
7/9/2005,School Start
8/9/2005,School Start
9/9/2005,School Start
10/9/2005,School Start
11/9/2005,School Start
12/9/2005,School Start
13/9/2005,School Start
14/9/2005,School Start
15/9/2005,School Start
16/9/2005,School Start
17/9/2005,School Start
2/9/2006,School Start
3/9/2006,School Start
4/9/2006,School Start
5/9/2006,School Start
6/9/2006,School Start
7/9/2006,School Start
8/9/2006,School Start
9/9/2006,School Start
10/9/2006,School Start
11/9/2006,School Start
12/9/2006,School Start
13/9/2006,School Start
14/9/2006,School Start
15/9/2006,School Start
16/9/2006,School Start
1/9/2007,School Start
2/9/2007,School Start
3/9/2007,School Start
4/9/2007,School Start
5/9/2007,School Start
6/9/2007,School Start
7/9/2007,School Start
8/9/2007,School Start
9/9/2007,School Start
10/9/2007,School Start
11/9/2007,School Start
12/9/2007,School Start
13/9/2007,School Start
14/9/2007,School Start
15/9/2007,School Start
4/10/2008,School Start
5/10/2008,School Start
6/10/2008,School Start
7/10/2008,School Start
8/10/2008,School Start
9/10/2008,School Start
10/10/2008,School Start
11/10/2008,School Start
12/10/2008,School Start
13/10/2008,School Start
14/10/2008,School Start
15/10/2008,School Start
16/10/2008,School Start
17/10/2008,School Start
18/10/2008,School Start
3/10/2009,School Start
4/10/2009,School Start
5/10/2009,School Start
6/10/2009,School Start
7/10/2009,School Start
8/10/2009,School Start
9/10/2009,School Start
10/10/2009,School Start
11/10/2009,School Start
12/10/2009,School Start
13/10/2009,School Start
14/10/2009,School Start
15/10/2009,School Start
16/10/2009,School Start
17/10/2009,School Start
18/9/2010,School Start
19/9/2010,School Start
20/9/2010,School Start
21/9/2010,School Start
22/9/2010,School Start
23/9/2010,School Start
24/9/2010,School Start
25/9/2010,School Start
26/9/2010,School Start
27/9/2010,School Start
28/9/2010,School Start
29/9/2010,School Start
30/9/2010,School Start
1/10/2010,School Start
2/10/2010,School Start
3/9/2011,School Start
4/9/2011,School Start
5/9/2011,School Start
6/9/2011,School Start
7/9/2011,School Start
8/9/2011,School Start
9/9/2011,School Start
10/9/2011,School Start
11/9/2011,School Start
12/9/2011,School Start
13/9/2011,School Start
14/9/2011,School Start
15/9/2011,School Start
16/9/2011,School Start
17/9/2011,School Start
25/8/2012,School Start
26/8/2012,School Start
27/8/2012,School Start
28/8/2012,School Start
29/8/2012,School Start
30/8/2012,School Start
31/8/2012,School Start
1/9/2012,School Start
2/9/2012,School Start
3/9/2012,School Start
4/9/2012,School Start
5/9/2012,School Start
6/9/2012,School Start
7/9/2012,School Start
8/9/2012,School Start
25/8/2013,School Start
26/8/2013,School Start
27/8/2013,School Start
28/8/2013,School Start
29/8/2013,School Start
30/8/2013,School Start
31/8/2013,School Start
1/9/2013,School Start
2/9/2013,School Start
3/9/2013,School Start
4/9/2013,School Start
5/9/2013,School Start
6/9/2013,School Start
7/9/2013,School Start
8/9/2013,School Start
24/8/2014,School Start
25/8/2014,School Start
26/8/2014,School Start
27/8/2014,School Start
28/8/2014,School Start
29/8/2014,School Start
30/8/2014,School Start
31/8/2014,School Start
1/9/2014,School Start
2/9/2014,School Start
3/9/2014,School Start
4/9/2014,School Start
5/9/2014,School Start
6/9/2014,School Start
7/9/2014,School Start
16/8/2015,School Start
17/8/2015,School Start
18/8/2015,School Start
19/8/2015,School Start
20/8/2015,School Start
21/8/2015,School Start
22/8/2015,School Start
23/8/2015,School Start
24/8/2015,School Start
25/8/2015,School Start
26/8/2015,School Start
27/8/2015,School Start
28/8/2015,School Start
29/8/2015,School Start
30/8/2015,School Start
11/9/2016,School Start
12/9/2016,School Start
13/9/2016,School Start
14/9/2016,School Start
15/9/2016,School Start
16/9/2016,School Start
17/9/2016,School Start
18/9/2016,School Start
19/9/2016,School Start
20/9/2016,School Start
21/9/2016,School Start
22/9/2016,School Start
23/9/2016,School Start
24/9/2016,School Start
25/9/2016,School Start
3/9/2017,School Start
4/9/2017,School Start
5/9/2017,School Start
6/9/2017,School Start
7/9/2017,School Start
8/9/2017,School Start
9/9/2017,School Start
10/9/2017,School Start
11/9/2017,School Start
12/9/2017,School Start
13/9/2017,School Start
14/9/2017,School Start
15/9/2017,School Start
16/9/2017,School Start
17/9/2017,School Start
26/8/2018,School Start
27/8/2018,School Start
28/8/2018,School Start
29/8/2018,School Start
30/8/2018,School Start
31/8/2018,School Start
1/9/2018,School Start
2/9/2018,School Start
3/9/2018,School Start
4/9/2018,School Start
5/9/2018,School Start
6/9/2018,School Start
7/9/2018,School Start
8/9/2018,School Start
9/9/2018,School Start
25/8/2019,School Start
26/8/2019,School Start
27/8/2019,School Start
28/8/2019,School Start
29/8/2019,School Start
30/8/2019,School Start
31/8/2019,School Start
1/9/2019,School Start
2/9/2019,School Start
3/9/2019,School Start
4/9/2019,School Start
5/9/2019,School Start
6/9/2019,School Start
7/9/2019,School Start
8/9/2019,School Start
23/8/2020,School Start
24/8/2020,School Start
25/8/2020,School Start
26/8/2020,School Start
27/8/2020,School Start
28/8/2020,School Start
29/8/2020,School Start
30/8/2020,School Start
31/8/2020,School Start
1/9/2020,School Start
2/9/2020,School Start
3/9/2020,School Start
4/9/2020,School Start
5/9/2020,School Start
6/9/2020,School Start
22/8/2021,School Start
23/8/2021,School Start
24/8/2021,School Start
25/8/2021,School Start
26/8/2021,School Start
27/8/2021,School Start
28/8/2021,School Start
29/8/2021,School Start
30/8/2021,School Start
31/8/2021,School Start
1/9/2021,School Start
2/9/2021,School Start
3/9/2021,School Start
4/9/2021,School Start
5/9/2021,School Start
20/2/2002,Hajj
21/2/2002,Hajj
22/2/2002,Hajj
23/2/2002,Hajj
24/2/2002,Hajj
25/2/2002,Hajj
9/2/2003,Hajj
10/2/2003,Hajj
11/2/2003,Hajj
12/2/2003,Hajj
13/2/2003,Hajj
14/2/2003,Hajj
30/1/2004,Hajj
31/1/2004,Hajj
1/2/2004,Hajj
2/2/2004,Hajj
3/2/2004,Hajj
4/2/2004,Hajj
18/1/2005,Hajj
19/1/2005,Hajj
20/1/2005,Hajj
21/1/2005,Hajj
22/1/2005,Hajj
23/1/2005,Hajj
7/1/2006,Hajj
8/1/2006,Hajj
9/1/2006,Hajj
10/1/2006,Hajj
11/1/2006,Hajj
12/1/2006,Hajj
28/12/2006,Hajj
29/12/2006,Hajj
30/12/2006,Hajj
31/12/2006,Hajj
1/1/2007,Hajj
2/1/2007,Hajj
17/12/2007,Hajj
18/12/2007,Hajj
19/12/2007,Hajj
20/12/2007,Hajj
21/12/2007,Hajj
22/12/2007,Hajj
6/12/2008,Hajj
7/12/2008,Hajj
8/12/2008,Hajj
9/12/2008,Hajj
10/12/2008,Hajj
11/12/2008,Hajj
25/11/2009,Hajj
26/11/2009,Hajj
27/11/2009,Hajj
28/11/2009,Hajj
29/11/2009,Hajj
30/11/2009,Hajj
14/11/2010,Hajj
15/11/2010,Hajj
16/11/2010,Hajj
17/11/2010,Hajj
18/11/2010,Hajj
19/11/2010,Hajj
4/11/2011,Hajj
5/11/2011,Hajj
6/11/2011,Hajj
7/11/2011,Hajj
8/11/2011,Hajj
9/11/2011,Hajj
23/10/2012,Hajj
24/10/2012,Hajj
25/10/2012,Hajj
26/10/2012,Hajj
27/10/2012,Hajj
28/10/2012,Hajj
12/10/2013,Hajj
13/10/2013,Hajj
14/10/2013,Hajj
15/10/2013,Hajj
16/10/2013,Hajj
17/10/2013,Hajj
2/10/2014,Hajj
3/10/2014,Hajj
4/10/2014,Hajj
5/10/2014,Hajj
6/10/2014,Hajj
7/10/2014,Hajj
21/9/2015,Hajj
22/9/2015,Hajj
23/9/2015,Hajj
24/9/2015,Hajj
25/9/2015,Hajj
26/9/2015,Hajj
10/9/2016,Hajj
11/9/2016,Hajj
12/9/2016,Hajj
13/9/2016,Hajj
14/9/2016,Hajj
15/9/2016,Hajj
30/8/2017,Hajj
31/8/2017,Hajj
1/9/2017,Hajj
2/9/2017,Hajj
3/9/2017,Hajj
4/9/2017,Hajj
19/8/2018,Hajj
20/8/2018,Hajj
21/8/2018,Hajj
22/8/2018,Hajj
23/8/2018,Hajj
24/8/2018,Hajj
9/8/2019,Hajj
10/8/2019,Hajj
11/8/2019,Hajj
12/8/2019,Hajj
13/8/2019,Hajj
14/8/2019,Hajj
29/7/2020,Hajj
30/7/2020,Hajj
31/7/2020,Hajj
1/8/2020,Hajj
2/8/2020,Hajj
3/8/2020,Hajj
18/7/2021,Hajj
19/7/2021,Hajj
20/7/2021,Hajj
21/7/2021,Hajj
22/7/2021,Hajj
23/7/2021,Hajj
5/11/2002,Ramadan
6/11/2002,Ramadan
7/11/2002,Ramadan
8/11/2002,Ramadan
9/11/2002,Ramadan
10/11/2002,Ramadan
11/11/2002,Ramadan
12/11/2002,Ramadan
13/11/2002,Ramadan
14/11/2002,Ramadan
15/11/2002,Ramadan
16/11/2002,Ramadan
17/11/2002,Ramadan
18/11/2002,Ramadan
19/11/2002,Ramadan
20/11/2002,Ramadan
21/11/2002,Ramadan
22/11/2002,Ramadan
23/11/2002,Ramadan
24/11/2002,Ramadan
25/11/2002,Ramadan
26/11/2002,Ramadan
27/11/2002,Ramadan
28/11/2002,Ramadan
29/11/2002,Ramadan
30/11/2002,Ramadan
1/12/2002,Ramadan
2/12/2002,Ramadan
3/12/2002,Ramadan
4/12/2002,Ramadan
5/12/2002,Ramadan
26/10/2003,Ramadan
27/10/2003,Ramadan
28/10/2003,Ramadan
29/10/2003,Ramadan
30/10/2003,Ramadan
31/10/2003,Ramadan
1/11/2003,Ramadan
2/11/2003,Ramadan
3/11/2003,Ramadan
4/11/2003,Ramadan
5/11/2003,Ramadan
6/11/2003,Ramadan
7/11/2003,Ramadan
8/11/2003,Ramadan
9/11/2003,Ramadan
10/11/2003,Ramadan
11/11/2003,Ramadan
12/11/2003,Ramadan
13/11/2003,Ramadan
14/11/2003,Ramadan
15/11/2003,Ramadan
16/11/2003,Ramadan
17/11/2003,Ramadan
18/11/2003,Ramadan
19/11/2003,Ramadan
20/11/2003,Ramadan
21/11/2003,Ramadan
22/11/2003,Ramadan
23/11/2003,Ramadan
24/11/2003,Ramadan
25/11/2003,Ramadan
15/10/2004,Ramadan
16/10/2004,Ramadan
17/10/2004,Ramadan
18/10/2004,Ramadan
19/10/2004,Ramadan
20/10/2004,Ramadan
21/10/2004,Ramadan
22/10/2004,Ramadan
23/10/2004,Ramadan
24/10/2004,Ramadan
25/10/2004,Ramadan
26/10/2004,Ramadan
27/10/2004,Ramadan
28/10/2004,Ramadan
29/10/2004,Ramadan
30/10/2004,Ramadan
31/10/2004,Ramadan
1/11/2004,Ramadan
2/11/2004,Ramadan
3/11/2004,Ramadan
4/11/2004,Ramadan
5/11/2004,Ramadan
6/11/2004,Ramadan
7/11/2004,Ramadan
8/11/2004,Ramadan
9/11/2004,Ramadan
10/11/2004,Ramadan
11/11/2004,Ramadan
12/11/2004,Ramadan
13/11/2004,Ramadan
14/11/2004,Ramadan
4/10/2005,Ramadan
5/10/2005,Ramadan
6/10/2005,Ramadan
7/10/2005,Ramadan
8/10/2005,Ramadan
9/10/2005,Ramadan
10/10/2005,Ramadan
11/10/2005,Ramadan
12/10/2005,Ramadan
13/10/2005,Ramadan
14/10/2005,Ramadan
15/10/2005,Ramadan
16/10/2005,Ramadan
17/10/2005,Ramadan
18/10/2005,Ramadan
19/10/2005,Ramadan
20/10/2005,Ramadan
21/10/2005,Ramadan
22/10/2005,Ramadan
23/10/2005,Ramadan
24/10/2005,Ramadan
25/10/2005,Ramadan
26/10/2005,Ramadan
27/10/2005,Ramadan
28/10/2005,Ramadan
29/10/2005,Ramadan
30/10/2005,Ramadan
31/10/2005,Ramadan
1/11/2005,Ramadan
2/11/2005,Ramadan
3/11/2005,Ramadan
24/9/2006,Ramadan
25/9/2006,Ramadan
26/9/2006,Ramadan
27/9/2006,Ramadan
28/9/2006,Ramadan
29/9/2006,Ramadan
30/9/2006,Ramadan
1/10/2006,Ramadan
2/10/2006,Ramadan
3/10/2006,Ramadan
4/10/2006,Ramadan
5/10/2006,Ramadan
6/10/2006,Ramadan
7/10/2006,Ramadan
8/10/2006,Ramadan
9/10/2006,Ramadan
10/10/2006,Ramadan
11/10/2006,Ramadan
12/10/2006,Ramadan
13/10/2006,Ramadan
14/10/2006,Ramadan
15/10/2006,Ramadan
16/10/2006,Ramadan
17/10/2006,Ramadan
18/10/2006,Ramadan
19/10/2006,Ramadan
20/10/2006,Ramadan
21/10/2006,Ramadan
22/10/2006,Ramadan
23/10/2006,Ramadan
24/10/2006,Ramadan
12/9/2007,Ramadan
13/9/2007,Ramadan
14/9/2007,Ramadan
15/9/2007,Ramadan
16/9/2007,Ramadan
17/9/2007,Ramadan
18/9/2007,Ramadan
19/9/2007,Ramadan
20/9/2007,Ramadan
21/9/2007,Ramadan
22/9/2007,Ramadan
23/9/2007,Ramadan
24/9/2007,Ramadan
25/9/2007,Ramadan
26/9/2007,Ramadan
27/9/2007,Ramadan
28/9/2007,Ramadan
29/9/2007,Ramadan
30/9/2007,Ramadan
1/10/2007,Ramadan
2/10/2007,Ramadan
3/10/2007,Ramadan
4/10/2007,Ramadan
5/10/2007,Ramadan
6/10/2007,Ramadan
7/10/2007,Ramadan
8/10/2007,Ramadan
9/10/2007,Ramadan
10/10/2007,Ramadan
11/10/2007,Ramadan
12/10/2007,Ramadan
1/9/2008,Ramadan
2/9/2008,Ramadan
3/9/2008,Ramadan
4/9/2008,Ramadan
5/9/2008,Ramadan
6/9/2008,Ramadan
7/9/2008,Ramadan
8/9/2008,Ramadan
9/9/2008,Ramadan
10/9/2008,Ramadan
11/9/2008,Ramadan
12/9/2008,Ramadan
13/9/2008,Ramadan
14/9/2008,Ramadan
15/9/2008,Ramadan
16/9/2008,Ramadan
17/9/2008,Ramadan
18/9/2008,Ramadan
19/9/2008,Ramadan
20/9/2008,Ramadan
21/9/2008,Ramadan
22/9/2008,Ramadan
23/9/2008,Ramadan
24/9/2008,Ramadan
25/9/2008,Ramadan
26/9/2008,Ramadan
27/9/2008,Ramadan
28/9/2008,Ramadan
29/9/2008,Ramadan
30/9/2008,Ramadan
1/10/2008,Ramadan
21/8/2009,Ramadan
22/8/2009,Ramadan
23/8/2009,Ramadan
24/8/2009,Ramadan
25/8/2009,Ramadan
26/8/2009,Ramadan
27/8/2009,Ramadan
28/8/2009,Ramadan
29/8/2009,Ramadan
30/8/2009,Ramadan
31/8/2009,Ramadan
1/9/2009,Ramadan
2/9/2009,Ramadan
3/9/2009,Ramadan
4/9/2009,Ramadan
5/9/2009,Ramadan
6/9/2009,Ramadan
7/9/2009,Ramadan
8/9/2009,Ramadan
9/9/2009,Ramadan
10/9/2009,Ramadan
11/9/2009,Ramadan
12/9/2009,Ramadan
13/9/2009,Ramadan
14/9/2009,Ramadan
15/9/2009,Ramadan
16/9/2009,Ramadan
17/9/2009,Ramadan
18/9/2009,Ramadan
19/9/2009,Ramadan
20/9/2009,Ramadan
10/8/2010,Ramadan
11/8/2010,Ramadan
12/8/2010,Ramadan
13/8/2010,Ramadan
14/8/2010,Ramadan
15/8/2010,Ramadan
16/8/2010,Ramadan
17/8/2010,Ramadan
18/8/2010,Ramadan
19/8/2010,Ramadan
20/8/2010,Ramadan
21/8/2010,Ramadan
22/8/2010,Ramadan
23/8/2010,Ramadan
24/8/2010,Ramadan
25/8/2010,Ramadan
26/8/2010,Ramadan
27/8/2010,Ramadan
28/8/2010,Ramadan
29/8/2010,Ramadan
30/8/2010,Ramadan
31/8/2010,Ramadan
1/9/2010,Ramadan
2/9/2010,Ramadan
3/9/2010,Ramadan
4/9/2010,Ramadan
5/9/2010,Ramadan
6/9/2010,Ramadan
7/9/2010,Ramadan
8/9/2010,Ramadan
9/9/2010,Ramadan
31/7/2011,Ramadan
1/8/2011,Ramadan
2/8/2011,Ramadan
3/8/2011,Ramadan
4/8/2011,Ramadan
5/8/2011,Ramadan
6/8/2011,Ramadan
7/8/2011,Ramadan
8/8/2011,Ramadan
9/8/2011,Ramadan
10/8/2011,Ramadan
11/8/2011,Ramadan
12/8/2011,Ramadan
13/8/2011,Ramadan
14/8/2011,Ramadan
15/8/2011,Ramadan
16/8/2011,Ramadan
17/8/2011,Ramadan
18/8/2011,Ramadan
19/8/2011,Ramadan
20/8/2011,Ramadan
21/8/2011,Ramadan
22/8/2011,Ramadan
23/8/2011,Ramadan
24/8/2011,Ramadan
25/8/2011,Ramadan
26/8/2011,Ramadan
27/8/2011,Ramadan
28/8/2011,Ramadan
29/8/2011,Ramadan
30/8/2011,Ramadan
19/7/2012,Ramadan
20/7/2012,Ramadan
21/7/2012,Ramadan
22/7/2012,Ramadan
23/7/2012,Ramadan
24/7/2012,Ramadan
25/7/2012,Ramadan
26/7/2012,Ramadan
27/7/2012,Ramadan
28/7/2012,Ramadan
29/7/2012,Ramadan
30/7/2012,Ramadan
31/7/2012,Ramadan
1/8/2012,Ramadan
2/8/2012,Ramadan
3/8/2012,Ramadan
4/8/2012,Ramadan
5/8/2012,Ramadan
6/8/2012,Ramadan
7/8/2012,Ramadan
8/8/2012,Ramadan
9/8/2012,Ramadan
10/8/2012,Ramadan
11/8/2012,Ramadan
12/8/2012,Ramadan
13/8/2012,Ramadan
14/8/2012,Ramadan
15/8/2012,Ramadan
16/8/2012,Ramadan
17/8/2012,Ramadan
18/8/2012,Ramadan
8/7/2013,Ramadan
9/7/2013,Ramadan
10/7/2013,Ramadan
11/7/2013,Ramadan
12/7/2013,Ramadan
13/7/2013,Ramadan
14/7/2013,Ramadan
15/7/2013,Ramadan
16/7/2013,Ramadan
17/7/2013,Ramadan
18/7/2013,Ramadan
19/7/2013,Ramadan
20/7/2013,Ramadan
21/7/2013,Ramadan
22/7/2013,Ramadan
23/7/2013,Ramadan
24/7/2013,Ramadan
25/7/2013,Ramadan
26/7/2013,Ramadan
27/7/2013,Ramadan
28/7/2013,Ramadan
29/7/2013,Ramadan
30/7/2013,Ramadan
31/7/2013,Ramadan
1/8/2013,Ramadan
2/8/2013,Ramadan
3/8/2013,Ramadan
4/8/2013,Ramadan
5/8/2013,Ramadan
6/8/2013,Ramadan
7/8/2013,Ramadan
28/6/2014,Ramadan
29/6/2014,Ramadan
30/6/2014,Ramadan
1/7/2014,Ramadan
2/7/2014,Ramadan
3/7/2014,Ramadan
4/7/2014,Ramadan
5/7/2014,Ramadan
6/7/2014,Ramadan
7/7/2014,Ramadan
8/7/2014,Ramadan
9/7/2014,Ramadan
10/7/2014,Ramadan
11/7/2014,Ramadan
12/7/2014,Ramadan
13/7/2014,Ramadan
14/7/2014,Ramadan
15/7/2014,Ramadan
16/7/2014,Ramadan
17/7/2014,Ramadan
18/7/2014,Ramadan
19/7/2014,Ramadan
20/7/2014,Ramadan
21/7/2014,Ramadan
22/7/2014,Ramadan
23/7/2014,Ramadan
24/7/2014,Ramadan
25/7/2014,Ramadan
26/7/2014,Ramadan
27/7/2014,Ramadan
28/7/2014,Ramadan
17/6/2015,Ramadan
18/6/2015,Ramadan
19/6/2015,Ramadan
20/6/2015,Ramadan
21/6/2015,Ramadan
22/6/2015,Ramadan
23/6/2015,Ramadan
24/6/2015,Ramadan
25/6/2015,Ramadan
26/6/2015,Ramadan
27/6/2015,Ramadan
28/6/2015,Ramadan
29/6/2015,Ramadan
30/6/2015,Ramadan
1/7/2015,Ramadan
2/7/2015,Ramadan
3/7/2015,Ramadan
4/7/2015,Ramadan
5/7/2015,Ramadan
6/7/2015,Ramadan
7/7/2015,Ramadan
8/7/2015,Ramadan
9/7/2015,Ramadan
10/7/2015,Ramadan
11/7/2015,Ramadan
12/7/2015,Ramadan
13/7/2015,Ramadan
14/7/2015,Ramadan
15/7/2015,Ramadan
16/7/2015,Ramadan
17/7/2015,Ramadan
6/6/2016,Ramadan
7/6/2016,Ramadan
8/6/2016,Ramadan
9/6/2016,Ramadan
10/6/2016,Ramadan
11/6/2016,Ramadan
12/6/2016,Ramadan
13/6/2016,Ramadan
14/6/2016,Ramadan
15/6/2016,Ramadan
16/6/2016,Ramadan
17/6/2016,Ramadan
18/6/2016,Ramadan
19/6/2016,Ramadan
20/6/2016,Ramadan
21/6/2016,Ramadan
22/6/2016,Ramadan
23/6/2016,Ramadan
24/6/2016,Ramadan
25/6/2016,Ramadan
26/6/2016,Ramadan
27/6/2016,Ramadan
28/6/2016,Ramadan
29/6/2016,Ramadan
30/6/2016,Ramadan
1/7/2016,Ramadan
2/7/2016,Ramadan
3/7/2016,Ramadan
4/7/2016,Ramadan
5/7/2016,Ramadan
6/7/2016,Ramadan
27/5/2017,Ramadan
28/5/2017,Ramadan
29/5/2017,Ramadan
30/5/2017,Ramadan
31/5/2017,Ramadan
1/6/2017,Ramadan
2/6/2017,Ramadan
3/6/2017,Ramadan
4/6/2017,Ramadan
5/6/2017,Ramadan
6/6/2017,Ramadan
7/6/2017,Ramadan
8/6/2017,Ramadan
9/6/2017,Ramadan
10/6/2017,Ramadan
11/6/2017,Ramadan
12/6/2017,Ramadan
13/6/2017,Ramadan
14/6/2017,Ramadan
15/6/2017,Ramadan
16/6/2017,Ramadan
17/6/2017,Ramadan
18/6/2017,Ramadan
19/6/2017,Ramadan
20/6/2017,Ramadan
21/6/2017,Ramadan
22/6/2017,Ramadan
23/6/2017,Ramadan
24/6/2017,Ramadan
25/6/2017,Ramadan
26/6/2017,Ramadan
16/5/2018,Ramadan
17/5/2018,Ramadan
18/5/2018,Ramadan
19/5/2018,Ramadan
20/5/2018,Ramadan
21/5/2018,Ramadan
22/5/2018,Ramadan
23/5/2018,Ramadan
24/5/2018,Ramadan
25/5/2018,Ramadan
26/5/2018,Ramadan
27/5/2018,Ramadan
28/5/2018,Ramadan
29/5/2018,Ramadan
30/5/2018,Ramadan
31/5/2018,Ramadan
1/6/2018,Ramadan
2/6/2018,Ramadan
3/6/2018,Ramadan
4/6/2018,Ramadan
5/6/2018,Ramadan
6/6/2018,Ramadan
7/6/2018,Ramadan
8/6/2018,Ramadan
9/6/2018,Ramadan
10/6/2018,Ramadan
11/6/2018,Ramadan
12/6/2018,Ramadan
13/6/2018,Ramadan
14/6/2018,Ramadan
15/6/2018,Ramadan
6/5/2019,Ramadan
7/5/2019,Ramadan
8/5/2019,Ramadan
9/5/2019,Ramadan
10/5/2019,Ramadan
11/5/2019,Ramadan
12/5/2019,Ramadan
13/5/2019,Ramadan
14/5/2019,Ramadan
15/5/2019,Ramadan
16/5/2019,Ramadan
17/5/2019,Ramadan
18/5/2019,Ramadan
19/5/2019,Ramadan
20/5/2019,Ramadan
21/5/2019,Ramadan
22/5/2019,Ramadan
23/5/2019,Ramadan
24/5/2019,Ramadan
25/5/2019,Ramadan
26/5/2019,Ramadan
27/5/2019,Ramadan
28/5/2019,Ramadan
29/5/2019,Ramadan
30/5/2019,Ramadan
31/5/2019,Ramadan
1/6/2019,Ramadan
2/6/2019,Ramadan
3/6/2019,Ramadan
24/4/2020,Ramadan
25/4/2020,Ramadan
26/4/2020,Ramadan
27/4/2020,Ramadan
28/4/2020,Ramadan
29/4/2020,Ramadan
30/4/2020,Ramadan
1/5/2020,Ramadan
2/5/2020,Ramadan
3/5/2020,Ramadan
4/5/2020,Ramadan
5/5/2020,Ramadan
6/5/2020,Ramadan
7/5/2020,Ramadan
8/5/2020,Ramadan
9/5/2020,Ramadan
10/5/2020,Ramadan
11/5/2020,Ramadan
12/5/2020,Ramadan
13/5/2020,Ramadan
14/5/2020,Ramadan
15/5/2020,Ramadan
16/5/2020,Ramadan
17/5/2020,Ramadan
18/5/2020,Ramadan
19/5/2020,Ramadan
20/5/2020,Ramadan
21/5/2020,Ramadan
22/5/2020,Ramadan
23/5/2020,Ramadan
13/4/2021,Ramadan
14/4/2021,Ramadan
15/4/2021,Ramadan
16/4/2021,Ramadan
17/4/2021,Ramadan
18/4/2021,Ramadan
19/4/2021,Ramadan
20/4/2021,Ramadan
21/4/2021,Ramadan
22/4/2021,Ramadan
23/4/2021,Ramadan
24/4/2021,Ramadan
25/4/2021,Ramadan
26/4/2021,Ramadan
27/4/2021,Ramadan
28/4/2021,Ramadan
29/4/2021,Ramadan
30/4/2021,Ramadan
1/5/2021,Ramadan
2/5/2021,Ramadan
3/5/2021,Ramadan
4/5/2021,Ramadan
5/5/2021,Ramadan
6/5/2021,Ramadan
7/5/2021,Ramadan
8/5/2021,Ramadan
9/5/2021,Ramadan
10/5/2021,Ramadan
11/5/2021,Ramadan
12/5/2021,Ramadan