Date,Parameter,Parameter_Category,Operating_Area,System_City,System_City_Calculated
1-Jan-16,Max Temperature (Deg C),Weather,WOA,Makkah,27
2-Jan-16,Max Temperature (Deg C),Weather,WOA,Makkah,27.2
3-Jan-16,Max Temperature (Deg C),Weather,WOA,Makkah,30.4
4-Jan-16,Max Temperature (Deg C),Weather,WOA,Makkah,29
5-Jan-16,Max Temperature (Deg C),Weather,WOA,Makkah,30
6-Jan-16,Max Temperature (Deg C),Weather,WOA,Makkah,33
7-Jan-16,Max Temperature (Deg C),Weather,WOA,Makkah,32.4
8-Jan-16,Max Temperature (Deg C),Weather,WOA,Makkah,31
9-Jan-16,Max Temperature (Deg C),Weather,WOA,Makkah,30.2
10-Jan-16,Max Temperature (Deg C),Weather,WOA,Makkah,33
11-Jan-16,Max Temperature (Deg C),Weather,WOA,Makkah,32
12-Jan-16,Max Temperature (Deg C),Weather,WOA,Makkah,28
13-Jan-16,Max Temperature (Deg C),Weather,WOA,Makkah,32
14-Jan-16,Max Temperature (Deg C),Weather,WOA,Makkah,32
15-Jan-16,Max Temperature (Deg C),Weather,WOA,Makkah,32
16-Jan-16,Max Temperature (Deg C),Weather,WOA,Makkah,33.4
17-Jan-16,Max Temperature (Deg C),Weather,WOA,Makkah,33
18-Jan-16,Max Temperature (Deg C),Weather,WOA,Makkah,31
19-Jan-16,Max Temperature (Deg C),Weather,WOA,Makkah,30.4
20-Jan-16,Max Temperature (Deg C),Weather,WOA,Makkah,33
21-Jan-16,Max Temperature (Deg C),Weather,WOA,Makkah,32
22-Jan-16,Max Temperature (Deg C),Weather,WOA,Makkah,32
23-Jan-16,Max Temperature (Deg C),Weather,WOA,Makkah,30
24-Jan-16,Max Temperature (Deg C),Weather,WOA,Makkah,28
25-Jan-16,Max Temperature (Deg C),Weather,WOA,Makkah,25
26-Jan-16,Max Temperature (Deg C),Weather,WOA,Makkah,25
27-Jan-16,Max Temperature (Deg C),Weather,WOA,Makkah,25.4
28-Jan-16,Max Temperature (Deg C),Weather,WOA,Makkah,26
29-Jan-16,Max Temperature (Deg C),Weather,WOA,Makkah,28.4
30-Jan-16,Max Temperature (Deg C),Weather,WOA,Makkah,30.2
31-Jan-16,Max Temperature (Deg C),Weather,WOA,Makkah,29
1-Feb-16,Max Temperature (Deg C),Weather,WOA,Makkah,30
2-Feb-16,Max Temperature (Deg C),Weather,WOA,Makkah,27
3-Feb-16,Max Temperature (Deg C),Weather,WOA,Makkah,33
4-Feb-16,Max Temperature (Deg C),Weather,WOA,Makkah,36
5-Feb-16,Max Temperature (Deg C),Weather,WOA,Makkah,35
6-Feb-16,Max Temperature (Deg C),Weather,WOA,Makkah,33
7-Feb-16,Max Temperature (Deg C),Weather,WOA,Makkah,30
8-Feb-16,Max Temperature (Deg C),Weather,WOA,Makkah,29
9-Feb-16,Max Temperature (Deg C),Weather,WOA,Makkah,32
10-Feb-16,Max Temperature (Deg C),Weather,WOA,Makkah,28
11-Feb-16,Max Temperature (Deg C),Weather,WOA,Makkah,32
12-Feb-16,Max Temperature (Deg C),Weather,WOA,Makkah,36
13-Feb-16,Max Temperature (Deg C),Weather,WOA,Makkah,35
14-Feb-16,Max Temperature (Deg C),Weather,WOA,Makkah,35.4
15-Feb-16,Max Temperature (Deg C),Weather,WOA,Makkah,37
16-Feb-16,Max Temperature (Deg C),Weather,WOA,Makkah,38.4
17-Feb-16,Max Temperature (Deg C),Weather,WOA,Makkah,37
18-Feb-16,Max Temperature (Deg C),Weather,WOA,Makkah,36.2
19-Feb-16,Max Temperature (Deg C),Weather,WOA,Makkah,35
20-Feb-16,Max Temperature (Deg C),Weather,WOA,Makkah,34
21-Feb-16,Max Temperature (Deg C),Weather,WOA,Makkah,34.2
22-Feb-16,Max Temperature (Deg C),Weather,WOA,Makkah,31
23-Feb-16,Max Temperature (Deg C),Weather,WOA,Makkah,31
24-Feb-16,Max Temperature (Deg C),Weather,WOA,Makkah,33
25-Feb-16,Max Temperature (Deg C),Weather,WOA,Makkah,34
26-Feb-16,Max Temperature (Deg C),Weather,WOA,Makkah,32
27-Feb-16,Max Temperature (Deg C),Weather,WOA,Makkah,35
28-Feb-16,Max Temperature (Deg C),Weather,WOA,Makkah,38
29-Feb-16,Max Temperature (Deg C),Weather,WOA,Makkah,39
1-Mar-16,Max Temperature (Deg C),Weather,WOA,Makkah,37
2-Mar-16,Max Temperature (Deg C),Weather,WOA,Makkah,36.2
3-Mar-16,Max Temperature (Deg C),Weather,WOA,Makkah,38
4-Mar-16,Max Temperature (Deg C),Weather,WOA,Makkah,36
5-Mar-16,Max Temperature (Deg C),Weather,WOA,Makkah,35
6-Mar-16,Max Temperature (Deg C),Weather,WOA,Makkah,34
7-Mar-16,Max Temperature (Deg C),Weather,WOA,Makkah,35
8-Mar-16,Max Temperature (Deg C),Weather,WOA,Makkah,35.3
9-Mar-16,Max Temperature (Deg C),Weather,WOA,Makkah,36.2
10-Mar-16,Max Temperature (Deg C),Weather,WOA,Makkah,38
11-Mar-16,Max Temperature (Deg C),Weather,WOA,Makkah,41.4
12-Mar-16,Max Temperature (Deg C),Weather,WOA,Makkah,40
13-Mar-16,Max Temperature (Deg C),Weather,WOA,Makkah,41
14-Mar-16,Max Temperature (Deg C),Weather,WOA,Makkah,40
15-Mar-16,Max Temperature (Deg C),Weather,WOA,Makkah,38
16-Mar-16,Max Temperature (Deg C),Weather,WOA,Makkah,34
17-Mar-16,Max Temperature (Deg C),Weather,WOA,Makkah,34
18-Mar-16,Max Temperature (Deg C),Weather,WOA,Makkah,35.2
19-Mar-16,Max Temperature (Deg C),Weather,WOA,Makkah,40
20-Mar-16,Max Temperature (Deg C),Weather,WOA,Makkah,38
21-Mar-16,Max Temperature (Deg C),Weather,WOA,Makkah,36
22-Mar-16,Max Temperature (Deg C),Weather,WOA,Makkah,34.2
23-Mar-16,Max Temperature (Deg C),Weather,WOA,Makkah,38
24-Mar-16,Max Temperature (Deg C),Weather,WOA,Makkah,38.4
25-Mar-16,Max Temperature (Deg C),Weather,WOA,Makkah,39.4
26-Mar-16,Max Temperature (Deg C),Weather,WOA,Makkah,39.2
27-Mar-16,Max Temperature (Deg C),Weather,WOA,Makkah,39.4
28-Mar-16,Max Temperature (Deg C),Weather,WOA,Makkah,36
29-Mar-16,Max Temperature (Deg C),Weather,WOA,Makkah,34.2
30-Mar-16,Max Temperature (Deg C),Weather,WOA,Makkah,36
31-Mar-16,Max Temperature (Deg C),Weather,WOA,Makkah,32
1-Apr-16,Max Temperature (Deg C),Weather,WOA,Makkah,33.2
2-Apr-16,Max Temperature (Deg C),Weather,WOA,Makkah,36
3-Apr-16,Max Temperature (Deg C),Weather,WOA,Makkah,33
4-Apr-16,Max Temperature (Deg C),Weather,WOA,Makkah,36
5-Apr-16,Max Temperature (Deg C),Weather,WOA,Makkah,38
6-Apr-16,Max Temperature (Deg C),Weather,WOA,Makkah,40
7-Apr-16,Max Temperature (Deg C),Weather,WOA,Makkah,40
8-Apr-16,Max Temperature (Deg C),Weather,WOA,Makkah,40
9-Apr-16,Max Temperature (Deg C),Weather,WOA,Makkah,42
10-Apr-16,Max Temperature (Deg C),Weather,WOA,Makkah,40
11-Apr-16,Max Temperature (Deg C),Weather,WOA,Makkah,40
12-Apr-16,Max Temperature (Deg C),Weather,WOA,Makkah,35.4
13-Apr-16,Max Temperature (Deg C),Weather,WOA,Makkah,35
14-Apr-16,Max Temperature (Deg C),Weather,WOA,Makkah,33.1
15-Apr-16,Max Temperature (Deg C),Weather,WOA,Makkah,36
16-Apr-16,Max Temperature (Deg C),Weather,WOA,Makkah,39.2
17-Apr-16,Max Temperature (Deg C),Weather,WOA,Makkah,39
18-Apr-16,Max Temperature (Deg C),Weather,WOA,Makkah,37
19-Apr-16,Max Temperature (Deg C),Weather,WOA,Makkah,37
20-Apr-16,Max Temperature (Deg C),Weather,WOA,Makkah,39
21-Apr-16,Max Temperature (Deg C),Weather,WOA,Makkah,40.4
22-Apr-16,Max Temperature (Deg C),Weather,WOA,Makkah,40
23-Apr-16,Max Temperature (Deg C),Weather,WOA,Makkah,41
24-Apr-16,Max Temperature (Deg C),Weather,WOA,Makkah,40.2
25-Apr-16,Max Temperature (Deg C),Weather,WOA,Makkah,41
26-Apr-16,Max Temperature (Deg C),Weather,WOA,Makkah,41
27-Apr-16,Max Temperature (Deg C),Weather,WOA,Makkah,41
28-Apr-16,Max Temperature (Deg C),Weather,WOA,Makkah,40
29-Apr-16,Max Temperature (Deg C),Weather,WOA,Makkah,38
30-Apr-16,Max Temperature (Deg C),Weather,WOA,Makkah,38.2
1-May-16,Max Temperature (Deg C),Weather,WOA,Makkah,40
2-May-16,Max Temperature (Deg C),Weather,WOA,Makkah,41.2
3-May-16,Max Temperature (Deg C),Weather,WOA,Makkah,44.2
4-May-16,Max Temperature (Deg C),Weather,WOA,Makkah,42
5-May-16,Max Temperature (Deg C),Weather,WOA,Makkah,41
6-May-16,Max Temperature (Deg C),Weather,WOA,Makkah,41
7-May-16,Max Temperature (Deg C),Weather,WOA,Makkah,39
8-May-16,Max Temperature (Deg C),Weather,WOA,Makkah,41
9-May-16,Max Temperature (Deg C),Weather,WOA,Makkah,41
10-May-16,Max Temperature (Deg C),Weather,WOA,Makkah,43
11-May-16,Max Temperature (Deg C),Weather,WOA,Makkah,40.4
12-May-16,Max Temperature (Deg C),Weather,WOA,Makkah,43
13-May-16,Max Temperature (Deg C),Weather,WOA,Makkah,45
14-May-16,Max Temperature (Deg C),Weather,WOA,Makkah,47
15-May-16,Max Temperature (Deg C),Weather,WOA,Makkah,42
16-May-16,Max Temperature (Deg C),Weather,WOA,Makkah,43
17-May-16,Max Temperature (Deg C),Weather,WOA,Makkah,47.4
18-May-16,Max Temperature (Deg C),Weather,WOA,Makkah,47
19-May-16,Max Temperature (Deg C),Weather,WOA,Makkah,47
20-May-16,Max Temperature (Deg C),Weather,WOA,Makkah,41
21-May-16,Max Temperature (Deg C),Weather,WOA,Makkah,44
22-May-16,Max Temperature (Deg C),Weather,WOA,Makkah,45
23-May-16,Max Temperature (Deg C),Weather,WOA,Makkah,43
24-May-16,Max Temperature (Deg C),Weather,WOA,Makkah,41.4
25-May-16,Max Temperature (Deg C),Weather,WOA,Makkah,42.2
26-May-16,Max Temperature (Deg C),Weather,WOA,Makkah,42.2
27-May-16,Max Temperature (Deg C),Weather,WOA,Makkah,43
28-May-16,Max Temperature (Deg C),Weather,WOA,Makkah,44
29-May-16,Max Temperature (Deg C),Weather,WOA,Makkah,43
30-May-16,Max Temperature (Deg C),Weather,WOA,Makkah,41
31-May-16,Max Temperature (Deg C),Weather,WOA,Makkah,43
1-Jun-16,Max Temperature (Deg C),Weather,WOA,Makkah,44
2-Jun-16,Max Temperature (Deg C),Weather,WOA,Makkah,44
3-Jun-16,Max Temperature (Deg C),Weather,WOA,Makkah,45
4-Jun-16,Max Temperature (Deg C),Weather,WOA,Makkah,46.4
5-Jun-16,Max Temperature (Deg C),Weather,WOA,Makkah,41
6-Jun-16,Max Temperature (Deg C),Weather,WOA,Makkah,42
7-Jun-16,Max Temperature (Deg C),Weather,WOA,Makkah,45
8-Jun-16,Max Temperature (Deg C),Weather,WOA,Makkah,46
9-Jun-16,Max Temperature (Deg C),Weather,WOA,Makkah,44
10-Jun-16,Max Temperature (Deg C),Weather,WOA,Makkah,46
11-Jun-16,Max Temperature (Deg C),Weather,WOA,Makkah,44
12-Jun-16,Max Temperature (Deg C),Weather,WOA,Makkah,49
13-Jun-16,Max Temperature (Deg C),Weather,WOA,Makkah,43.2
14-Jun-16,Max Temperature (Deg C),Weather,WOA,Makkah,43
15-Jun-16,Max Temperature (Deg C),Weather,WOA,Makkah,45
16-Jun-16,Max Temperature (Deg C),Weather,WOA,Makkah,45
17-Jun-16,Max Temperature (Deg C),Weather,WOA,Makkah,42.4
18-Jun-16,Max Temperature (Deg C),Weather,WOA,Makkah,45
19-Jun-16,Max Temperature (Deg C),Weather,WOA,Makkah,46
20-Jun-16,Max Temperature (Deg C),Weather,WOA,Makkah,45
21-Jun-16,Max Temperature (Deg C),Weather,WOA,Makkah,45
22-Jun-16,Max Temperature (Deg C),Weather,WOA,Makkah,43
23-Jun-16,Max Temperature (Deg C),Weather,WOA,Makkah,45
24-Jun-16,Max Temperature (Deg C),Weather,WOA,Makkah,45
25-Jun-16,Max Temperature (Deg C),Weather,WOA,Makkah,45
26-Jun-16,Max Temperature (Deg C),Weather,WOA,Makkah,45
27-Jun-16,Max Temperature (Deg C),Weather,WOA,Makkah,45
28-Jun-16,Max Temperature (Deg C),Weather,WOA,Makkah,45
29-Jun-16,Max Temperature (Deg C),Weather,WOA,Makkah,44
30-Jun-16,Max Temperature (Deg C),Weather,WOA,Makkah,43
1-Jul-16,Max Temperature (Deg C),Weather,WOA,Makkah,44
2-Jul-16,Max Temperature (Deg C),Weather,WOA,Makkah,43
3-Jul-16,Max Temperature (Deg C),Weather,WOA,Makkah,42.4
4-Jul-16,Max Temperature (Deg C),Weather,WOA,Makkah,42
5-Jul-16,Max Temperature (Deg C),Weather,WOA,Makkah,42.2
6-Jul-16,Max Temperature (Deg C),Weather,WOA,Makkah,43
7-Jul-16,Max Temperature (Deg C),Weather,WOA,Makkah,43.3
8-Jul-16,Max Temperature (Deg C),Weather,WOA,Makkah,43.4
9-Jul-16,Max Temperature (Deg C),Weather,WOA,Makkah,44
10-Jul-16,Max Temperature (Deg C),Weather,WOA,Makkah,44
11-Jul-16,Max Temperature (Deg C),Weather,WOA,Makkah,44
12-Jul-16,Max Temperature (Deg C),Weather,WOA,Makkah,44
13-Jul-16,Max Temperature (Deg C),Weather,WOA,Makkah,44
14-Jul-16,Max Temperature (Deg C),Weather,WOA,Makkah,43
15-Jul-16,Max Temperature (Deg C),Weather,WOA,Makkah,44
16-Jul-16,Max Temperature (Deg C),Weather,WOA,Makkah,44.1
17-Jul-16,Max Temperature (Deg C),Weather,WOA,Makkah,44.2
18-Jul-16,Max Temperature (Deg C),Weather,WOA,Makkah,43
19-Jul-16,Max Temperature (Deg C),Weather,WOA,Makkah,43
20-Jul-16,Max Temperature (Deg C),Weather,WOA,Makkah,43
21-Jul-16,Max Temperature (Deg C),Weather,WOA,Makkah,41
22-Jul-16,Max Temperature (Deg C),Weather,WOA,Makkah,41
23-Jul-16,Max Temperature (Deg C),Weather,WOA,Makkah,40.4
24-Jul-16,Max Temperature (Deg C),Weather,WOA,Makkah,39
25-Jul-16,Max Temperature (Deg C),Weather,WOA,Makkah,36.2
26-Jul-16,Max Temperature (Deg C),Weather,WOA,Makkah,42.2
27-Jul-16,Max Temperature (Deg C),Weather,WOA,Makkah,44.2
28-Jul-16,Max Temperature (Deg C),Weather,WOA,Makkah,43
29-Jul-16,Max Temperature (Deg C),Weather,WOA,Makkah,40
30-Jul-16,Max Temperature (Deg C),Weather,WOA,Makkah,40
31-Jul-16,Max Temperature (Deg C),Weather,WOA,Makkah,41
1-Aug-16,Max Temperature (Deg C),Weather,WOA,Makkah,36
2-Aug-16,Max Temperature (Deg C),Weather,WOA,Makkah,40
3-Aug-16,Max Temperature (Deg C),Weather,WOA,Makkah,41
4-Aug-16,Max Temperature (Deg C),Weather,WOA,Makkah,43
5-Aug-16,Max Temperature (Deg C),Weather,WOA,Makkah,43.2
6-Aug-16,Max Temperature (Deg C),Weather,WOA,Makkah,43
7-Aug-16,Max Temperature (Deg C),Weather,WOA,Makkah,41
8-Aug-16,Max Temperature (Deg C),Weather,WOA,Makkah,41.2
9-Aug-16,Max Temperature (Deg C),Weather,WOA,Makkah,43.2
10-Aug-16,Max Temperature (Deg C),Weather,WOA,Makkah,42.4
11-Aug-16,Max Temperature (Deg C),Weather,WOA,Makkah,42
12-Aug-16,Max Temperature (Deg C),Weather,WOA,Makkah,42
13-Aug-16,Max Temperature (Deg C),Weather,WOA,Makkah,44
14-Aug-16,Max Temperature (Deg C),Weather,WOA,Makkah,39
15-Aug-16,Max Temperature (Deg C),Weather,WOA,Makkah,42.2
16-Aug-16,Max Temperature (Deg C),Weather,WOA,Makkah,40.4
17-Aug-16,Max Temperature (Deg C),Weather,WOA,Makkah,41.2
18-Aug-16,Max Temperature (Deg C),Weather,WOA,Makkah,41
19-Aug-16,Max Temperature (Deg C),Weather,WOA,Makkah,42
20-Aug-16,Max Temperature (Deg C),Weather,WOA,Makkah,42.2
21-Aug-16,Max Temperature (Deg C),Weather,WOA,Makkah,42.3
22-Aug-16,Max Temperature (Deg C),Weather,WOA,Makkah,43
23-Aug-16,Max Temperature (Deg C),Weather,WOA,Makkah,41
24-Aug-16,Max Temperature (Deg C),Weather,WOA,Makkah,43.2
25-Aug-16,Max Temperature (Deg C),Weather,WOA,Makkah,42
26-Aug-16,Max Temperature (Deg C),Weather,WOA,Makkah,42
27-Aug-16,Max Temperature (Deg C),Weather,WOA,Makkah,42.2
28-Aug-16,Max Temperature (Deg C),Weather,WOA,Makkah,44
29-Aug-16,Max Temperature (Deg C),Weather,WOA,Makkah,42.4
30-Aug-16,Max Temperature (Deg C),Weather,WOA,Makkah,40
31-Aug-16,Max Temperature (Deg C),Weather,WOA,Makkah,41
1-Sep-16,Max Temperature (Deg C),Weather,WOA,Makkah,41
2-Sep-16,Max Temperature (Deg C),Weather,WOA,Makkah,41
3-Sep-16,Max Temperature (Deg C),Weather,WOA,Makkah,40.2
4-Sep-16,Max Temperature (Deg C),Weather,WOA,Makkah,42.1
5-Sep-16,Max Temperature (Deg C),Weather,WOA,Makkah,44
6-Sep-16,Max Temperature (Deg C),Weather,WOA,Makkah,43.4
7-Sep-16,Max Temperature (Deg C),Weather,WOA,Makkah,43
8-Sep-16,Max Temperature (Deg C),Weather,WOA,Makkah,38
9-Sep-16,Max Temperature (Deg C),Weather,WOA,Makkah,42
10-Sep-16,Max Temperature (Deg C),Weather,WOA,Makkah,43
11-Sep-16,Max Temperature (Deg C),Weather,WOA,Makkah,43.2
12-Sep-16,Max Temperature (Deg C),Weather,WOA,Makkah,44
13-Sep-16,Max Temperature (Deg C),Weather,WOA,Makkah,43.2
14-Sep-16,Max Temperature (Deg C),Weather,WOA,Makkah,41
15-Sep-16,Max Temperature (Deg C),Weather,WOA,Makkah,41.2
16-Sep-16,Max Temperature (Deg C),Weather,WOA,Makkah,45
17-Sep-16,Max Temperature (Deg C),Weather,WOA,Makkah,40
18-Sep-16,Max Temperature (Deg C),Weather,WOA,Makkah,42.4
19-Sep-16,Max Temperature (Deg C),Weather,WOA,Makkah,44.3
20-Sep-16,Max Temperature (Deg C),Weather,WOA,Makkah,41
21-Sep-16,Max Temperature (Deg C),Weather,WOA,Makkah,41
22-Sep-16,Max Temperature (Deg C),Weather,WOA,Makkah,46.4
23-Sep-16,Max Temperature (Deg C),Weather,WOA,Makkah,43
24-Sep-16,Max Temperature (Deg C),Weather,WOA,Makkah,42
25-Sep-16,Max Temperature (Deg C),Weather,WOA,Makkah,43
26-Sep-16,Max Temperature (Deg C),Weather,WOA,Makkah,44
27-Sep-16,Max Temperature (Deg C),Weather,WOA,Makkah,44
28-Sep-16,Max Temperature (Deg C),Weather,WOA,Makkah,43.4
29-Sep-16,Max Temperature (Deg C),Weather,WOA,Makkah,44
30-Sep-16,Max Temperature (Deg C),Weather,WOA,Makkah,43
1-Oct-16,Max Temperature (Deg C),Weather,WOA,Makkah,43
2-Oct-16,Max Temperature (Deg C),Weather,WOA,Makkah,41
3-Oct-16,Max Temperature (Deg C),Weather,WOA,Makkah,40
4-Oct-16,Max Temperature (Deg C),Weather,WOA,Makkah,43
5-Oct-16,Max Temperature (Deg C),Weather,WOA,Makkah,41
6-Oct-16,Max Temperature (Deg C),Weather,WOA,Makkah,40
7-Oct-16,Max Temperature (Deg C),Weather,WOA,Makkah,41
8-Oct-16,Max Temperature (Deg C),Weather,WOA,Makkah,43
9-Oct-16,Max Temperature (Deg C),Weather,WOA,Makkah,44
10-Oct-16,Max Temperature (Deg C),Weather,WOA,Makkah,40.4
11-Oct-16,Max Temperature (Deg C),Weather,WOA,Makkah,43
12-Oct-16,Max Temperature (Deg C),Weather,WOA,Makkah,41
13-Oct-16,Max Temperature (Deg C),Weather,WOA,Makkah,41
14-Oct-16,Max Temperature (Deg C),Weather,WOA,Makkah,42
15-Oct-16,Max Temperature (Deg C),Weather,WOA,Makkah,42
16-Oct-16,Max Temperature (Deg C),Weather,WOA,Makkah,41.3
17-Oct-16,Max Temperature (Deg C),Weather,WOA,Makkah,40
18-Oct-16,Max Temperature (Deg C),Weather,WOA,Makkah,40
19-Oct-16,Max Temperature (Deg C),Weather,WOA,Makkah,42
20-Oct-16,Max Temperature (Deg C),Weather,WOA,Makkah,42
21-Oct-16,Max Temperature (Deg C),Weather,WOA,Makkah,38.4
22-Oct-16,Max Temperature (Deg C),Weather,WOA,Makkah,40
23-Oct-16,Max Temperature (Deg C),Weather,WOA,Makkah,41
24-Oct-16,Max Temperature (Deg C),Weather,WOA,Makkah,39.2
25-Oct-16,Max Temperature (Deg C),Weather,WOA,Makkah,38
26-Oct-16,Max Temperature (Deg C),Weather,WOA,Makkah,38.4
27-Oct-16,Max Temperature (Deg C),Weather,WOA,Makkah,39.2
28-Oct-16,Max Temperature (Deg C),Weather,WOA,Makkah,40
29-Oct-16,Max Temperature (Deg C),Weather,WOA,Makkah,39.2
30-Oct-16,Max Temperature (Deg C),Weather,WOA,Makkah,38
31-Oct-16,Max Temperature (Deg C),Weather,WOA,Makkah,38.1
1-Nov-16,Max Temperature (Deg C),Weather,WOA,Makkah,37
2-Nov-16,Max Temperature (Deg C),Weather,WOA,Makkah,38.4
3-Nov-16,Max Temperature (Deg C),Weather,WOA,Makkah,38
4-Nov-16,Max Temperature (Deg C),Weather,WOA,Makkah,37
5-Nov-16,Max Temperature (Deg C),Weather,WOA,Makkah,37
6-Nov-16,Max Temperature (Deg C),Weather,WOA,Makkah,35.4
7-Nov-16,Max Temperature (Deg C),Weather,WOA,Makkah,40
8-Nov-16,Max Temperature (Deg C),Weather,WOA,Makkah,39
9-Nov-16,Max Temperature (Deg C),Weather,WOA,Makkah,38
10-Nov-16,Max Temperature (Deg C),Weather,WOA,Makkah,36.4
11-Nov-16,Max Temperature (Deg C),Weather,WOA,Makkah,39
12-Nov-16,Max Temperature (Deg C),Weather,WOA,Makkah,37
13-Nov-16,Max Temperature (Deg C),Weather,WOA,Makkah,37
14-Nov-16,Max Temperature (Deg C),Weather,WOA,Makkah,37.2
15-Nov-16,Max Temperature (Deg C),Weather,WOA,Makkah,37
16-Nov-16,Max Temperature (Deg C),Weather,WOA,Makkah,36
17-Nov-16,Max Temperature (Deg C),Weather,WOA,Makkah,36
18-Nov-16,Max Temperature (Deg C),Weather,WOA,Makkah,36
19-Nov-16,Max Temperature (Deg C),Weather,WOA,Makkah,37
20-Nov-16,Max Temperature (Deg C),Weather,WOA,Makkah,35
21-Nov-16,Max Temperature (Deg C),Weather,WOA,Makkah,35
22-Nov-16,Max Temperature (Deg C),Weather,WOA,Makkah,36
23-Nov-16,Max Temperature (Deg C),Weather,WOA,Makkah,36
24-Nov-16,Max Temperature (Deg C),Weather,WOA,Makkah,35
25-Nov-16,Max Temperature (Deg C),Weather,WOA,Makkah,33
26-Nov-16,Max Temperature (Deg C),Weather,WOA,Makkah,33.2
27-Nov-16,Max Temperature (Deg C),Weather,WOA,Makkah,34
28-Nov-16,Max Temperature (Deg C),Weather,WOA,Makkah,34
29-Nov-16,Max Temperature (Deg C),Weather,WOA,Makkah,35.2
30-Nov-16,Max Temperature (Deg C),Weather,WOA,Makkah,34
1-Dec-16,Max Temperature (Deg C),Weather,WOA,Makkah,35
2-Dec-16,Max Temperature (Deg C),Weather,WOA,Makkah,29
3-Dec-16,Max Temperature (Deg C),Weather,WOA,Makkah,35
4-Dec-16,Max Temperature (Deg C),Weather,WOA,Makkah,34.3
5-Dec-16,Max Temperature (Deg C),Weather,WOA,Makkah,35
6-Dec-16,Max Temperature (Deg C),Weather,WOA,Makkah,34.4
7-Dec-16,Max Temperature (Deg C),Weather,WOA,Makkah,34
8-Dec-16,Max Temperature (Deg C),Weather,WOA,Makkah,34
9-Dec-16,Max Temperature (Deg C),Weather,WOA,Makkah,34.4
10-Dec-16,Max Temperature (Deg C),Weather,WOA,Makkah,35
11-Dec-16,Max Temperature (Deg C),Weather,WOA,Makkah,33
12-Dec-16,Max Temperature (Deg C),Weather,WOA,Makkah,33.2
13-Dec-16,Max Temperature (Deg C),Weather,WOA,Makkah,32
14-Dec-16,Max Temperature (Deg C),Weather,WOA,Makkah,29
15-Dec-16,Max Temperature (Deg C),Weather,WOA,Makkah,30
16-Dec-16,Max Temperature (Deg C),Weather,WOA,Makkah,33
17-Dec-16,Max Temperature (Deg C),Weather,WOA,Makkah,32.2
18-Dec-16,Max Temperature (Deg C),Weather,WOA,Makkah,33
19-Dec-16,Max Temperature (Deg C),Weather,WOA,Makkah,34
20-Dec-16,Max Temperature (Deg C),Weather,WOA,Makkah,31
21-Dec-16,Max Temperature (Deg C),Weather,WOA,Makkah,30.2
22-Dec-16,Max Temperature (Deg C),Weather,WOA,Makkah,33
23-Dec-16,Max Temperature (Deg C),Weather,WOA,Makkah,34.4
24-Dec-16,Max Temperature (Deg C),Weather,WOA,Makkah,35
25-Dec-16,Max Temperature (Deg C),Weather,WOA,Makkah,32.4
26-Dec-16,Max Temperature (Deg C),Weather,WOA,Makkah,33
27-Dec-16,Max Temperature (Deg C),Weather,WOA,Makkah,32
28-Dec-16,Max Temperature (Deg C),Weather,WOA,Makkah,32
29-Dec-16,Max Temperature (Deg C),Weather,WOA,Makkah,32
30-Dec-16,Max Temperature (Deg C),Weather,WOA,Makkah,32.3
31-Dec-16,Max Temperature (Deg C),Weather,WOA,Makkah,32
1-Jan-17,Max Temperature (Deg C),Weather,WOA,Makkah,33.2
2-Jan-17,Max Temperature (Deg C),Weather,WOA,Makkah,31.4
3-Jan-17,Max Temperature (Deg C),Weather,WOA,Makkah,32
4-Jan-17,Max Temperature (Deg C),Weather,WOA,Makkah,31
5-Jan-17,Max Temperature (Deg C),Weather,WOA,Makkah,33
6-Jan-17,Max Temperature (Deg C),Weather,WOA,Makkah,32
7-Jan-17,Max Temperature (Deg C),Weather,WOA,Makkah,32
8-Jan-17,Max Temperature (Deg C),Weather,WOA,Makkah,32.4
9-Jan-17,Max Temperature (Deg C),Weather,WOA,Makkah,28.3
10-Jan-17,Max Temperature (Deg C),Weather,WOA,Makkah,31.4
11-Jan-17,Max Temperature (Deg C),Weather,WOA,Makkah,33.2
12-Jan-17,Max Temperature (Deg C),Weather,WOA,Makkah,34
13-Jan-17,Max Temperature (Deg C),Weather,WOA,Makkah,33
14-Jan-17,Max Temperature (Deg C),Weather,WOA,Makkah,33
15-Jan-17,Max Temperature (Deg C),Weather,WOA,Makkah,35
16-Jan-17,Max Temperature (Deg C),Weather,WOA,Makkah,34.4
17-Jan-17,Max Temperature (Deg C),Weather,WOA,Makkah,34
18-Jan-17,Max Temperature (Deg C),Weather,WOA,Makkah,36
19-Jan-17,Max Temperature (Deg C),Weather,WOA,Makkah,36
20-Jan-17,Max Temperature (Deg C),Weather,WOA,Makkah,32
21-Jan-17,Max Temperature (Deg C),Weather,WOA,Makkah,31
22-Jan-17,Max Temperature (Deg C),Weather,WOA,Makkah,31
23-Jan-17,Max Temperature (Deg C),Weather,WOA,Makkah,32.2
24-Jan-17,Max Temperature (Deg C),Weather,WOA,Makkah,34
25-Jan-17,Max Temperature (Deg C),Weather,WOA,Makkah,35
26-Jan-17,Max Temperature (Deg C),Weather,WOA,Makkah,34
27-Jan-17,Max Temperature (Deg C),Weather,WOA,Makkah,31
28-Jan-17,Max Temperature (Deg C),Weather,WOA,Makkah,25.4
29-Jan-17,Max Temperature (Deg C),Weather,WOA,Makkah,30
30-Jan-17,Max Temperature (Deg C),Weather,WOA,Makkah,31
31-Jan-17,Max Temperature (Deg C),Weather,WOA,Makkah,29
1-Feb-17,Max Temperature (Deg C),Weather,WOA,Makkah,27
2-Feb-17,Max Temperature (Deg C),Weather,WOA,Makkah,30
3-Feb-17,Max Temperature (Deg C),Weather,WOA,Makkah,32
4-Feb-17,Max Temperature (Deg C),Weather,WOA,Makkah,33
5-Feb-17,Max Temperature (Deg C),Weather,WOA,Makkah,31
6-Feb-17,Max Temperature (Deg C),Weather,WOA,Makkah,30
7-Feb-17,Max Temperature (Deg C),Weather,WOA,Makkah,34
8-Feb-17,Max Temperature (Deg C),Weather,WOA,Makkah,33
9-Feb-17,Max Temperature (Deg C),Weather,WOA,Makkah,32
10-Feb-17,Max Temperature (Deg C),Weather,WOA,Makkah,32
11-Feb-17,Max Temperature (Deg C),Weather,WOA,Makkah,30
12-Feb-17,Max Temperature (Deg C),Weather,WOA,Makkah,29.4
13-Feb-17,Max Temperature (Deg C),Weather,WOA,Makkah,29
14-Feb-17,Max Temperature (Deg C),Weather,WOA,Makkah,27
15-Feb-17,Max Temperature (Deg C),Weather,WOA,Makkah,24
16-Feb-17,Max Temperature (Deg C),Weather,WOA,Makkah,22
17-Feb-17,Max Temperature (Deg C),Weather,WOA,Makkah,26
18-Feb-17,Max Temperature (Deg C),Weather,WOA,Makkah,32
19-Feb-17,Max Temperature (Deg C),Weather,WOA,Makkah,29
20-Feb-17,Max Temperature (Deg C),Weather,WOA,Makkah,28
21-Feb-17,Max Temperature (Deg C),Weather,WOA,Makkah,31
22-Feb-17,Max Temperature (Deg C),Weather,WOA,Makkah,29.2
23-Feb-17,Max Temperature (Deg C),Weather,WOA,Makkah,30
24-Feb-17,Max Temperature (Deg C),Weather,WOA,Makkah,34
25-Feb-17,Max Temperature (Deg C),Weather,WOA,Makkah,34
26-Feb-17,Max Temperature (Deg C),Weather,WOA,Makkah,34.2
27-Feb-17,Max Temperature (Deg C),Weather,WOA,Makkah,35
28-Feb-17,Max Temperature (Deg C),Weather,WOA,Makkah,35
1-Mar-17,Max Temperature (Deg C),Weather,WOA,Makkah,35
2-Mar-17,Max Temperature (Deg C),Weather,WOA,Makkah,33
3-Mar-17,Max Temperature (Deg C),Weather,WOA,Makkah,34
4-Mar-17,Max Temperature (Deg C),Weather,WOA,Makkah,33
5-Mar-17,Max Temperature (Deg C),Weather,WOA,Makkah,34
6-Mar-17,Max Temperature (Deg C),Weather,WOA,Makkah,35
7-Mar-17,Max Temperature (Deg C),Weather,WOA,Makkah,35
8-Mar-17,Max Temperature (Deg C),Weather,WOA,Makkah,35.2
9-Mar-17,Max Temperature (Deg C),Weather,WOA,Makkah,34
10-Mar-17,Max Temperature (Deg C),Weather,WOA,Makkah,35
11-Mar-17,Max Temperature (Deg C),Weather,WOA,Makkah,32.4
12-Mar-17,Max Temperature (Deg C),Weather,WOA,Makkah,34
13-Mar-17,Max Temperature (Deg C),Weather,WOA,Makkah,35.4
14-Mar-17,Max Temperature (Deg C),Weather,WOA,Makkah,35
15-Mar-17,Max Temperature (Deg C),Weather,WOA,Makkah,34.4
16-Mar-17,Max Temperature (Deg C),Weather,WOA,Makkah,32
17-Mar-17,Max Temperature (Deg C),Weather,WOA,Makkah,35
18-Mar-17,Max Temperature (Deg C),Weather,WOA,Makkah,32
19-Mar-17,Max Temperature (Deg C),Weather,WOA,Makkah,30
20-Mar-17,Max Temperature (Deg C),Weather,WOA,Makkah,31.2
21-Mar-17,Max Temperature (Deg C),Weather,WOA,Makkah,36
22-Mar-17,Max Temperature (Deg C),Weather,WOA,Makkah,34
23-Mar-17,Max Temperature (Deg C),Weather,WOA,Makkah,35
24-Mar-17,Max Temperature (Deg C),Weather,WOA,Makkah,34
25-Mar-17,Max Temperature (Deg C),Weather,WOA,Makkah,32.4
26-Mar-17,Max Temperature (Deg C),Weather,WOA,Makkah,33
27-Mar-17,Max Temperature (Deg C),Weather,WOA,Makkah,34
28-Mar-17,Max Temperature (Deg C),Weather,WOA,Makkah,36.2
29-Mar-17,Max Temperature (Deg C),Weather,WOA,Makkah,36
30-Mar-17,Max Temperature (Deg C),Weather,WOA,Makkah,37
31-Mar-17,Max Temperature (Deg C),Weather,WOA,Makkah,37.4
1-Apr-17,Max Temperature (Deg C),Weather,WOA,Makkah,38
2-Apr-17,Max Temperature (Deg C),Weather,WOA,Makkah,38.4
3-Apr-17,Max Temperature (Deg C),Weather,WOA,Makkah,39
4-Apr-17,Max Temperature (Deg C),Weather,WOA,Makkah,39.2
5-Apr-17,Max Temperature (Deg C),Weather,WOA,Makkah,38
6-Apr-17,Max Temperature (Deg C),Weather,WOA,Makkah,39
7-Apr-17,Max Temperature (Deg C),Weather,WOA,Makkah,39
8-Apr-17,Max Temperature (Deg C),Weather,WOA,Makkah,40
9-Apr-17,Max Temperature (Deg C),Weather,WOA,Makkah,40
10-Apr-17,Max Temperature (Deg C),Weather,WOA,Makkah,39.4
11-Apr-17,Max Temperature (Deg C),Weather,WOA,Makkah,41
12-Apr-17,Max Temperature (Deg C),Weather,WOA,Makkah,41.4
13-Apr-17,Max Temperature (Deg C),Weather,WOA,Makkah,41
14-Apr-17,Max Temperature (Deg C),Weather,WOA,Makkah,42
15-Apr-17,Max Temperature (Deg C),Weather,WOA,Makkah,38
16-Apr-17,Max Temperature (Deg C),Weather,WOA,Makkah,37
17-Apr-17,Max Temperature (Deg C),Weather,WOA,Makkah,37.4
18-Apr-17,Max Temperature (Deg C),Weather,WOA,Makkah,37.4
19-Apr-17,Max Temperature (Deg C),Weather,WOA,Makkah,38
20-Apr-17,Max Temperature (Deg C),Weather,WOA,Makkah,39
21-Apr-17,Max Temperature (Deg C),Weather,WOA,Makkah,40
22-Apr-17,Max Temperature (Deg C),Weather,WOA,Makkah,41
23-Apr-17,Max Temperature (Deg C),Weather,WOA,Makkah,43
24-Apr-17,Max Temperature (Deg C),Weather,WOA,Makkah,40
25-Apr-17,Max Temperature (Deg C),Weather,WOA,Makkah,40
26-Apr-17,Max Temperature (Deg C),Weather,WOA,Makkah,40
27-Apr-17,Max Temperature (Deg C),Weather,WOA,Makkah,40.4
28-Apr-17,Max Temperature (Deg C),Weather,WOA,Makkah,41
29-Apr-17,Max Temperature (Deg C),Weather,WOA,Makkah,37
30-Apr-17,Max Temperature (Deg C),Weather,WOA,Makkah,38.4
1-May-17,Max Temperature (Deg C),Weather,WOA,Makkah,39
2-May-17,Max Temperature (Deg C),Weather,WOA,Makkah,41
3-May-17,Max Temperature (Deg C),Weather,WOA,Makkah,43
4-May-17,Max Temperature (Deg C),Weather,WOA,Makkah,42
5-May-17,Max Temperature (Deg C),Weather,WOA,Makkah,39.2
6-May-17,Max Temperature (Deg C),Weather,WOA,Makkah,40.4
7-May-17,Max Temperature (Deg C),Weather,WOA,Makkah,40.4
8-May-17,Max Temperature (Deg C),Weather,WOA,Makkah,41
9-May-17,Max Temperature (Deg C),Weather,WOA,Makkah,41.1
10-May-17,Max Temperature (Deg C),Weather,WOA,Makkah,42.4
11-May-17,Max Temperature (Deg C),Weather,WOA,Makkah,43
12-May-17,Max Temperature (Deg C),Weather,WOA,Makkah,43
13-May-17,Max Temperature (Deg C),Weather,WOA,Makkah,40.2
14-May-17,Max Temperature (Deg C),Weather,WOA,Makkah,40
15-May-17,Max Temperature (Deg C),Weather,WOA,Makkah,42.4
16-May-17,Max Temperature (Deg C),Weather,WOA,Makkah,41
17-May-17,Max Temperature (Deg C),Weather,WOA,Makkah,41
18-May-17,Max Temperature (Deg C),Weather,WOA,Makkah,41
19-May-17,Max Temperature (Deg C),Weather,WOA,Makkah,43.1
20-May-17,Max Temperature (Deg C),Weather,WOA,Makkah,43.2
21-May-17,Max Temperature (Deg C),Weather,WOA,Makkah,38.2
22-May-17,Max Temperature (Deg C),Weather,WOA,Makkah,42
23-May-17,Max Temperature (Deg C),Weather,WOA,Makkah,43
24-May-17,Max Temperature (Deg C),Weather,WOA,Makkah,44
25-May-17,Max Temperature (Deg C),Weather,WOA,Makkah,43
26-May-17,Max Temperature (Deg C),Weather,WOA,Makkah,42.4
27-May-17,Max Temperature (Deg C),Weather,WOA,Makkah,44
28-May-17,Max Temperature (Deg C),Weather,WOA,Makkah,44
29-May-17,Max Temperature (Deg C),Weather,WOA,Makkah,46.2
30-May-17,Max Temperature (Deg C),Weather,WOA,Makkah,44.4
31-May-17,Max Temperature (Deg C),Weather,WOA,Makkah,45
1-Jun-17,Max Temperature (Deg C),Weather,WOA,Makkah,41
2-Jun-17,Max Temperature (Deg C),Weather,WOA,Makkah,42
3-Jun-17,Max Temperature (Deg C),Weather,WOA,Makkah,43
4-Jun-17,Max Temperature (Deg C),Weather,WOA,Makkah,43
5-Jun-17,Max Temperature (Deg C),Weather,WOA,Makkah,43.2
6-Jun-17,Max Temperature (Deg C),Weather,WOA,Makkah,43
7-Jun-17,Max Temperature (Deg C),Weather,WOA,Makkah,46.4
8-Jun-17,Max Temperature (Deg C),Weather,WOA,Makkah,45
9-Jun-17,Max Temperature (Deg C),Weather,WOA,Makkah,47
10-Jun-17,Max Temperature (Deg C),Weather,WOA,Makkah,46.4
11-Jun-17,Max Temperature (Deg C),Weather,WOA,Makkah,45.4
12-Jun-17,Max Temperature (Deg C),Weather,WOA,Makkah,44
13-Jun-17,Max Temperature (Deg C),Weather,WOA,Makkah,44.4
14-Jun-17,Max Temperature (Deg C),Weather,WOA,Makkah,42
15-Jun-17,Max Temperature (Deg C),Weather,WOA,Makkah,45.4
16-Jun-17,Max Temperature (Deg C),Weather,WOA,Makkah,45.2
17-Jun-17,Max Temperature (Deg C),Weather,WOA,Makkah,45
18-Jun-17,Max Temperature (Deg C),Weather,WOA,Makkah,44
19-Jun-17,Max Temperature (Deg C),Weather,WOA,Makkah,41.2
20-Jun-17,Max Temperature (Deg C),Weather,WOA,Makkah,42
21-Jun-17,Max Temperature (Deg C),Weather,WOA,Makkah,45
22-Jun-17,Max Temperature (Deg C),Weather,WOA,Makkah,47
23-Jun-17,Max Temperature (Deg C),Weather,WOA,Makkah,45
24-Jun-17,Max Temperature (Deg C),Weather,WOA,Makkah,43
25-Jun-17,Max Temperature (Deg C),Weather,WOA,Makkah,43.2
26-Jun-17,Max Temperature (Deg C),Weather,WOA,Makkah,43.4
27-Jun-17,Max Temperature (Deg C),Weather,WOA,Makkah,47
28-Jun-17,Max Temperature (Deg C),Weather,WOA,Makkah,42
29-Jun-17,Max Temperature (Deg C),Weather,WOA,Makkah,42
30-Jun-17,Max Temperature (Deg C),Weather,WOA,Makkah,43
1-Jul-17,Max Temperature (Deg C),Weather,WOA,Makkah,45
2-Jul-17,Max Temperature (Deg C),Weather,WOA,Makkah,47
3-Jul-17,Max Temperature (Deg C),Weather,WOA,Makkah,46.4
4-Jul-17,Max Temperature (Deg C),Weather,WOA,Makkah,46
5-Jul-17,Max Temperature (Deg C),Weather,WOA,Makkah,46
6-Jul-17,Max Temperature (Deg C),Weather,WOA,Makkah,45.2
7-Jul-17,Max Temperature (Deg C),Weather,WOA,Makkah,42.4
8-Jul-17,Max Temperature (Deg C),Weather,WOA,Makkah,42
9-Jul-17,Max Temperature (Deg C),Weather,WOA,Makkah,42
10-Jul-17,Max Temperature (Deg C),Weather,WOA,Makkah,42.4
11-Jul-17,Max Temperature (Deg C),Weather,WOA,Makkah,43
12-Jul-17,Max Temperature (Deg C),Weather,WOA,Makkah,43.4
13-Jul-17,Max Temperature (Deg C),Weather,WOA,Makkah,44.4
14-Jul-17,Max Temperature (Deg C),Weather,WOA,Makkah,44
15-Jul-17,Max Temperature (Deg C),Weather,WOA,Makkah,44.2
16-Jul-17,Max Temperature (Deg C),Weather,WOA,Makkah,44.2
17-Jul-17,Max Temperature (Deg C),Weather,WOA,Makkah,44.8
18-Jul-17,Max Temperature (Deg C),Weather,WOA,Makkah,44.4
19-Jul-17,Max Temperature (Deg C),Weather,WOA,Makkah,44.4
20-Jul-17,Max Temperature (Deg C),Weather,WOA,Makkah,43.4
21-Jul-17,Max Temperature (Deg C),Weather,WOA,Makkah,42
22-Jul-17,Max Temperature (Deg C),Weather,WOA,Makkah,42
23-Jul-17,Max Temperature (Deg C),Weather,WOA,Makkah,43
24-Jul-17,Max Temperature (Deg C),Weather,WOA,Makkah,43
25-Jul-17,Max Temperature (Deg C),Weather,WOA,Makkah,41.4
26-Jul-17,Max Temperature (Deg C),Weather,WOA,Makkah,42.2
27-Jul-17,Max Temperature (Deg C),Weather,WOA,Makkah,43
28-Jul-17,Max Temperature (Deg C),Weather,WOA,Makkah,44
29-Jul-17,Max Temperature (Deg C),Weather,WOA,Makkah,43
30-Jul-17,Max Temperature (Deg C),Weather,WOA,Makkah,50.4
31-Jul-17,Max Temperature (Deg C),Weather,WOA,Makkah,43
1-Aug-17,Max Temperature (Deg C),Weather,WOA,Makkah,42
2-Aug-17,Max Temperature (Deg C),Weather,WOA,Makkah,44
3-Aug-17,Max Temperature (Deg C),Weather,WOA,Makkah,45
4-Aug-17,Max Temperature (Deg C),Weather,WOA,Makkah,41
5-Aug-17,Max Temperature (Deg C),Weather,WOA,Makkah,43.4
6-Aug-17,Max Temperature (Deg C),Weather,WOA,Makkah,43
7-Aug-17,Max Temperature (Deg C),Weather,WOA,Makkah,41
8-Aug-17,Max Temperature (Deg C),Weather,WOA,Makkah,41
9-Aug-17,Max Temperature (Deg C),Weather,WOA,Makkah,42
10-Aug-17,Max Temperature (Deg C),Weather,WOA,Makkah,43.1
11-Aug-17,Max Temperature (Deg C),Weather,WOA,Makkah,41.4
12-Aug-17,Max Temperature (Deg C),Weather,WOA,Makkah,41
13-Aug-17,Max Temperature (Deg C),Weather,WOA,Makkah,42
14-Aug-17,Max Temperature (Deg C),Weather,WOA,Makkah,44
15-Aug-17,Max Temperature (Deg C),Weather,WOA,Makkah,40.4
16-Aug-17,Max Temperature (Deg C),Weather,WOA,Makkah,40
17-Aug-17,Max Temperature (Deg C),Weather,WOA,Makkah,43
18-Aug-17,Max Temperature (Deg C),Weather,WOA,Makkah,43
19-Aug-17,Max Temperature (Deg C),Weather,WOA,Makkah,42
20-Aug-17,Max Temperature (Deg C),Weather,WOA,Makkah,45
21-Aug-17,Max Temperature (Deg C),Weather,WOA,Makkah,46
22-Aug-17,Max Temperature (Deg C),Weather,WOA,Makkah,46
23-Aug-17,Max Temperature (Deg C),Weather,WOA,Makkah,45
24-Aug-17,Max Temperature (Deg C),Weather,WOA,Makkah,48
25-Aug-17,Max Temperature (Deg C),Weather,WOA,Makkah,43.1
26-Aug-17,Max Temperature (Deg C),Weather,WOA,Makkah,45
27-Aug-17,Max Temperature (Deg C),Weather,WOA,Makkah,43.4
28-Aug-17,Max Temperature (Deg C),Weather,WOA,Makkah,43
29-Aug-17,Max Temperature (Deg C),Weather,WOA,Makkah,43
30-Aug-17,Max Temperature (Deg C),Weather,WOA,Makkah,42
31-Aug-17,Max Temperature (Deg C),Weather,WOA,Makkah,45
1-Sep-17,Max Temperature (Deg C),Weather,WOA,Makkah,42
2-Sep-17,Max Temperature (Deg C),Weather,WOA,Makkah,41
3-Sep-17,Max Temperature (Deg C),Weather,WOA,Makkah,42
4-Sep-17,Max Temperature (Deg C),Weather,WOA,Makkah,42.4
5-Sep-17,Max Temperature (Deg C),Weather,WOA,Makkah,41.4
6-Sep-17,Max Temperature (Deg C),Weather,WOA,Makkah,42
7-Sep-17,Max Temperature (Deg C),Weather,WOA,Makkah,42.2
8-Sep-17,Max Temperature (Deg C),Weather,WOA,Makkah,49
9-Sep-17,Max Temperature (Deg C),Weather,WOA,Makkah,47
10-Sep-17,Max Temperature (Deg C),Weather,WOA,Makkah,46
11-Sep-17,Max Temperature (Deg C),Weather,WOA,Makkah,43
12-Sep-17,Max Temperature (Deg C),Weather,WOA,Makkah,44
13-Sep-17,Max Temperature (Deg C),Weather,WOA,Makkah,48.4
14-Sep-17,Max Temperature (Deg C),Weather,WOA,Makkah,41.4
15-Sep-17,Max Temperature (Deg C),Weather,WOA,Makkah,41
16-Sep-17,Max Temperature (Deg C),Weather,WOA,Makkah,46
17-Sep-17,Max Temperature (Deg C),Weather,WOA,Makkah,43
18-Sep-17,Max Temperature (Deg C),Weather,WOA,Makkah,39
19-Sep-17,Max Temperature (Deg C),Weather,WOA,Makkah,40
20-Sep-17,Max Temperature (Deg C),Weather,WOA,Makkah,40
21-Sep-17,Max Temperature (Deg C),Weather,WOA,Makkah,43.4
22-Sep-17,Max Temperature (Deg C),Weather,WOA,Makkah,43
23-Sep-17,Max Temperature (Deg C),Weather,WOA,Makkah,45
24-Sep-17,Max Temperature (Deg C),Weather,WOA,Makkah,47
25-Sep-17,Max Temperature (Deg C),Weather,WOA,Makkah,43
26-Sep-17,Max Temperature (Deg C),Weather,WOA,Makkah,45.2
27-Sep-17,Max Temperature (Deg C),Weather,WOA,Makkah,45
28-Sep-17,Max Temperature (Deg C),Weather,WOA,Makkah,43
29-Sep-17,Max Temperature (Deg C),Weather,WOA,Makkah,42
30-Sep-17,Max Temperature (Deg C),Weather,WOA,Makkah,45
1-Oct-17,Max Temperature (Deg C),Weather,WOA,Makkah,42
2-Oct-17,Max Temperature (Deg C),Weather,WOA,Makkah,42
3-Oct-17,Max Temperature (Deg C),Weather,WOA,Makkah,44.4
4-Oct-17,Max Temperature (Deg C),Weather,WOA,Makkah,43.4
5-Oct-17,Max Temperature (Deg C),Weather,WOA,Makkah,42
6-Oct-17,Max Temperature (Deg C),Weather,WOA,Makkah,40.1
7-Oct-17,Max Temperature (Deg C),Weather,WOA,Makkah,42
8-Oct-17,Max Temperature (Deg C),Weather,WOA,Makkah,44
9-Oct-17,Max Temperature (Deg C),Weather,WOA,Makkah,42.2
10-Oct-17,Max Temperature (Deg C),Weather,WOA,Makkah,42
11-Oct-17,Max Temperature (Deg C),Weather,WOA,Makkah,42
12-Oct-17,Max Temperature (Deg C),Weather,WOA,Makkah,42.1
13-Oct-17,Max Temperature (Deg C),Weather,WOA,Makkah,43
14-Oct-17,Max Temperature (Deg C),Weather,WOA,Makkah,42.4
15-Oct-17,Max Temperature (Deg C),Weather,WOA,Makkah,42.4
16-Oct-17,Max Temperature (Deg C),Weather,WOA,Makkah,42.3
17-Oct-17,Max Temperature (Deg C),Weather,WOA,Makkah,39
18-Oct-17,Max Temperature (Deg C),Weather,WOA,Makkah,41
19-Oct-17,Max Temperature (Deg C),Weather,WOA,Makkah,41.2
20-Oct-17,Max Temperature (Deg C),Weather,WOA,Makkah,39
21-Oct-17,Max Temperature (Deg C),Weather,WOA,Makkah,40
22-Oct-17,Max Temperature (Deg C),Weather,WOA,Makkah,40
23-Oct-17,Max Temperature (Deg C),Weather,WOA,Makkah,39
24-Oct-17,Max Temperature (Deg C),Weather,WOA,Makkah,39
25-Oct-17,Max Temperature (Deg C),Weather,WOA,Makkah,39.2
26-Oct-17,Max Temperature (Deg C),Weather,WOA,Makkah,40
27-Oct-17,Max Temperature (Deg C),Weather,WOA,Makkah,40
28-Oct-17,Max Temperature (Deg C),Weather,WOA,Makkah,38
29-Oct-17,Max Temperature (Deg C),Weather,WOA,Makkah,39
30-Oct-17,Max Temperature (Deg C),Weather,WOA,Makkah,38
31-Oct-17,Max Temperature (Deg C),Weather,WOA,Makkah,39.2
1-Nov-17,Max Temperature (Deg C),Weather,WOA,Makkah,39
2-Nov-17,Max Temperature (Deg C),Weather,WOA,Makkah,36
3-Nov-17,Max Temperature (Deg C),Weather,WOA,Makkah,36
4-Nov-17,Max Temperature (Deg C),Weather,WOA,Makkah,37.4
5-Nov-17,Max Temperature (Deg C),Weather,WOA,Makkah,37
6-Nov-17,Max Temperature (Deg C),Weather,WOA,Makkah,37
7-Nov-17,Max Temperature (Deg C),Weather,WOA,Makkah,37.4
8-Nov-17,Max Temperature (Deg C),Weather,WOA,Makkah,37
9-Nov-17,Max Temperature (Deg C),Weather,WOA,Makkah,37
10-Nov-17,Max Temperature (Deg C),Weather,WOA,Makkah,38
11-Nov-17,Max Temperature (Deg C),Weather,WOA,Makkah,38
12-Nov-17,Max Temperature (Deg C),Weather,WOA,Makkah,38
13-Nov-17,Max Temperature (Deg C),Weather,WOA,Makkah,37.2
14-Nov-17,Max Temperature (Deg C),Weather,WOA,Makkah,38.2
15-Nov-17,Max Temperature (Deg C),Weather,WOA,Makkah,38
16-Nov-17,Max Temperature (Deg C),Weather,WOA,Makkah,37
17-Nov-17,Max Temperature (Deg C),Weather,WOA,Makkah,36
18-Nov-17,Max Temperature (Deg C),Weather,WOA,Makkah,36
19-Nov-17,Max Temperature (Deg C),Weather,WOA,Makkah,36
20-Nov-17,Max Temperature (Deg C),Weather,WOA,Makkah,36
21-Nov-17,Max Temperature (Deg C),Weather,WOA,Makkah,27.3
22-Nov-17,Max Temperature (Deg C),Weather,WOA,Makkah,32
23-Nov-17,Max Temperature (Deg C),Weather,WOA,Makkah,32.2
24-Nov-17,Max Temperature (Deg C),Weather,WOA,Makkah,34
25-Nov-17,Max Temperature (Deg C),Weather,WOA,Makkah,34
26-Nov-17,Max Temperature (Deg C),Weather,WOA,Makkah,33
27-Nov-17,Max Temperature (Deg C),Weather,WOA,Makkah,34
28-Nov-17,Max Temperature (Deg C),Weather,WOA,Makkah,34.2
29-Nov-17,Max Temperature (Deg C),Weather,WOA,Makkah,35
30-Nov-17,Max Temperature (Deg C),Weather,WOA,Makkah,34.4
1-Dec-17,Max Temperature (Deg C),Weather,WOA,Makkah,35
2-Dec-17,Max Temperature (Deg C),Weather,WOA,Makkah,35
3-Dec-17,Max Temperature (Deg C),Weather,WOA,Makkah,33
4-Dec-17,Max Temperature (Deg C),Weather,WOA,Makkah,38
5-Dec-17,Max Temperature (Deg C),Weather,WOA,Makkah,36.8
6-Dec-17,Max Temperature (Deg C),Weather,WOA,Makkah,34.4
7-Dec-17,Max Temperature (Deg C),Weather,WOA,Makkah,33
8-Dec-17,Max Temperature (Deg C),Weather,WOA,Makkah,34
9-Dec-17,Max Temperature (Deg C),Weather,WOA,Makkah,35
10-Dec-17,Max Temperature (Deg C),Weather,WOA,Makkah,34.4
11-Dec-17,Max Temperature (Deg C),Weather,WOA,Makkah,34.4
12-Dec-17,Max Temperature (Deg C),Weather,WOA,Makkah,35
13-Dec-17,Max Temperature (Deg C),Weather,WOA,Makkah,33
14-Dec-17,Max Temperature (Deg C),Weather,WOA,Makkah,33
15-Dec-17,Max Temperature (Deg C),Weather,WOA,Makkah,32
16-Dec-17,Max Temperature (Deg C),Weather,WOA,Makkah,33.2
17-Dec-17,Max Temperature (Deg C),Weather,WOA,Makkah,35
18-Dec-17,Max Temperature (Deg C),Weather,WOA,Makkah,36.2
19-Dec-17,Max Temperature (Deg C),Weather,WOA,Makkah,36
20-Dec-17,Max Temperature (Deg C),Weather,WOA,Makkah,34
21-Dec-17,Max Temperature (Deg C),Weather,WOA,Makkah,36
22-Dec-17,Max Temperature (Deg C),Weather,WOA,Makkah,34
23-Dec-17,Max Temperature (Deg C),Weather,WOA,Makkah,34
24-Dec-17,Max Temperature (Deg C),Weather,WOA,Makkah,35
25-Dec-17,Max Temperature (Deg C),Weather,WOA,Makkah,39
26-Dec-17,Max Temperature (Deg C),Weather,WOA,Makkah,35.4
27-Dec-17,Max Temperature (Deg C),Weather,WOA,Makkah,33
28-Dec-17,Max Temperature (Deg C),Weather,WOA,Makkah,35.2
29-Dec-17,Max Temperature (Deg C),Weather,WOA,Makkah,35
30-Dec-17,Max Temperature (Deg C),Weather,WOA,Makkah,33.2
31-Dec-17,Max Temperature (Deg C),Weather,WOA,Makkah,32
1-Jan-18,Max Temperature (Deg C),Weather,WOA,Makkah,28.2
2-Jan-18,Max Temperature (Deg C),Weather,WOA,Makkah,31
3-Jan-18,Max Temperature (Deg C),Weather,WOA,Makkah,32
4-Jan-18,Max Temperature (Deg C),Weather,WOA,Makkah,29.4
5-Jan-18,Max Temperature (Deg C),Weather,WOA,Makkah,29.4
6-Jan-18,Max Temperature (Deg C),Weather,WOA,Makkah,30.2
7-Jan-18,Max Temperature (Deg C),Weather,WOA,Makkah,33.4
8-Jan-18,Max Temperature (Deg C),Weather,WOA,Makkah,33
9-Jan-18,Max Temperature (Deg C),Weather,WOA,Makkah,33
10-Jan-18,Max Temperature (Deg C),Weather,WOA,Makkah,34
11-Jan-18,Max Temperature (Deg C),Weather,WOA,Makkah,34
12-Jan-18,Max Temperature (Deg C),Weather,WOA,Makkah,34
13-Jan-18,Max Temperature (Deg C),Weather,WOA,Makkah,33
14-Jan-18,Max Temperature (Deg C),Weather,WOA,Makkah,33
15-Jan-18,Max Temperature (Deg C),Weather,WOA,Makkah,34
16-Jan-18,Max Temperature (Deg C),Weather,WOA,Makkah,33
17-Jan-18,Max Temperature (Deg C),Weather,WOA,Makkah,32
18-Jan-18,Max Temperature (Deg C),Weather,WOA,Makkah,30.2
19-Jan-18,Max Temperature (Deg C),Weather,WOA,Makkah,30
20-Jan-18,Max Temperature (Deg C),Weather,WOA,Makkah,31.2
21-Jan-18,Max Temperature (Deg C),Weather,WOA,Makkah,35
22-Jan-18,Max Temperature (Deg C),Weather,WOA,Makkah,31
23-Jan-18,Max Temperature (Deg C),Weather,WOA,Makkah,32
24-Jan-18,Max Temperature (Deg C),Weather,WOA,Makkah,32.2
25-Jan-18,Max Temperature (Deg C),Weather,WOA,Makkah,29
26-Jan-18,Max Temperature (Deg C),Weather,WOA,Makkah,29
27-Jan-18,Max Temperature (Deg C),Weather,WOA,Makkah,28
28-Jan-18,Max Temperature (Deg C),Weather,WOA,Makkah,33
29-Jan-18,Max Temperature (Deg C),Weather,WOA,Makkah,32
30-Jan-18,Max Temperature (Deg C),Weather,WOA,Makkah,32
31-Jan-18,Max Temperature (Deg C),Weather,WOA,Makkah,31
1-Feb-18,Max Temperature (Deg C),Weather,WOA,Makkah,31
2-Feb-18,Max Temperature (Deg C),Weather,WOA,Makkah,33
3-Feb-18,Max Temperature (Deg C),Weather,WOA,Makkah,35
4-Feb-18,Max Temperature (Deg C),Weather,WOA,Makkah,35.4
5-Feb-18,Max Temperature (Deg C),Weather,WOA,Makkah,36
6-Feb-18,Max Temperature (Deg C),Weather,WOA,Makkah,34
7-Feb-18,Max Temperature (Deg C),Weather,WOA,Makkah,34.2
8-Feb-18,Max Temperature (Deg C),Weather,WOA,Makkah,35
9-Feb-18,Max Temperature (Deg C),Weather,WOA,Makkah,33.4
10-Feb-18,Max Temperature (Deg C),Weather,WOA,Makkah,34.4
11-Feb-18,Max Temperature (Deg C),Weather,WOA,Makkah,37.2
12-Feb-18,Max Temperature (Deg C),Weather,WOA,Makkah,38
13-Feb-18,Max Temperature (Deg C),Weather,WOA,Makkah,37
14-Feb-18,Max Temperature (Deg C),Weather,WOA,Makkah,37.2
15-Feb-18,Max Temperature (Deg C),Weather,WOA,Makkah,36
16-Feb-18,Max Temperature (Deg C),Weather,WOA,Makkah,36
17-Feb-18,Max Temperature (Deg C),Weather,WOA,Makkah,33
18-Feb-18,Max Temperature (Deg C),Weather,WOA,Makkah,30.2
19-Feb-18,Max Temperature (Deg C),Weather,WOA,Makkah,34
20-Feb-18,Max Temperature (Deg C),Weather,WOA,Makkah,32
21-Feb-18,Max Temperature (Deg C),Weather,WOA,Makkah,31
22-Feb-18,Max Temperature (Deg C),Weather,WOA,Makkah,34
23-Feb-18,Max Temperature (Deg C),Weather,WOA,Makkah,36
24-Feb-18,Max Temperature (Deg C),Weather,WOA,Makkah,35
25-Feb-18,Max Temperature (Deg C),Weather,WOA,Makkah,36
26-Feb-18,Max Temperature (Deg C),Weather,WOA,Makkah,33
27-Feb-18,Max Temperature (Deg C),Weather,WOA,Makkah,37.4
28-Feb-18,Max Temperature (Deg C),Weather,WOA,Makkah,36
1-Mar-18,Max Temperature (Deg C),Weather,WOA,Makkah,32
2-Mar-18,Max Temperature (Deg C),Weather,WOA,Makkah,36.2
3-Mar-18,Max Temperature (Deg C),Weather,WOA,Makkah,35.4
4-Mar-18,Max Temperature (Deg C),Weather,WOA,Makkah,35
5-Mar-18,Max Temperature (Deg C),Weather,WOA,Makkah,33.4
6-Mar-18,Max Temperature (Deg C),Weather,WOA,Makkah,37.2
7-Mar-18,Max Temperature (Deg C),Weather,WOA,Makkah,40
8-Mar-18,Max Temperature (Deg C),Weather,WOA,Makkah,40
9-Mar-18,Max Temperature (Deg C),Weather,WOA,Makkah,36
10-Mar-18,Max Temperature (Deg C),Weather,WOA,Makkah,38.2
11-Mar-18,Max Temperature (Deg C),Weather,WOA,Makkah,37
12-Mar-18,Max Temperature (Deg C),Weather,WOA,Makkah,35.3
13-Mar-18,Max Temperature (Deg C),Weather,WOA,Makkah,38
14-Mar-18,Max Temperature (Deg C),Weather,WOA,Makkah,38
15-Mar-18,Max Temperature (Deg C),Weather,WOA,Makkah,35.2
16-Mar-18,Max Temperature (Deg C),Weather,WOA,Makkah,36.2
17-Mar-18,Max Temperature (Deg C),Weather,WOA,Makkah,38.2
18-Mar-18,Max Temperature (Deg C),Weather,WOA,Makkah,38
19-Mar-18,Max Temperature (Deg C),Weather,WOA,Makkah,38.4
20-Mar-18,Max Temperature (Deg C),Weather,WOA,Makkah,39.3
21-Mar-18,Max Temperature (Deg C),Weather,WOA,Makkah,38
22-Mar-18,Max Temperature (Deg C),Weather,WOA,Makkah,39.1
23-Mar-18,Max Temperature (Deg C),Weather,WOA,Makkah,40
24-Mar-18,Max Temperature (Deg C),Weather,WOA,Makkah,39
25-Mar-18,Max Temperature (Deg C),Weather,WOA,Makkah,40.4
26-Mar-18,Max Temperature (Deg C),Weather,WOA,Makkah,38
27-Mar-18,Max Temperature (Deg C),Weather,WOA,Makkah,39
28-Mar-18,Max Temperature (Deg C),Weather,WOA,Makkah,39
29-Mar-18,Max Temperature (Deg C),Weather,WOA,Makkah,39.4
30-Mar-18,Max Temperature (Deg C),Weather,WOA,Makkah,36
31-Mar-18,Max Temperature (Deg C),Weather,WOA,Makkah,38
1-Apr-18,Max Temperature (Deg C),Weather,WOA,Makkah,37
2-Apr-18,Max Temperature (Deg C),Weather,WOA,Makkah,37
3-Apr-18,Max Temperature (Deg C),Weather,WOA,Makkah,38
4-Apr-18,Max Temperature (Deg C),Weather,WOA,Makkah,38.2
5-Apr-18,Max Temperature (Deg C),Weather,WOA,Makkah,37
6-Apr-18,Max Temperature (Deg C),Weather,WOA,Makkah,35
7-Apr-18,Max Temperature (Deg C),Weather,WOA,Makkah,39
8-Apr-18,Max Temperature (Deg C),Weather,WOA,Makkah,37.4
9-Apr-18,Max Temperature (Deg C),Weather,WOA,Makkah,37
10-Apr-18,Max Temperature (Deg C),Weather,WOA,Makkah,38
11-Apr-18,Max Temperature (Deg C),Weather,WOA,Makkah,35
12-Apr-18,Max Temperature (Deg C),Weather,WOA,Makkah,38
13-Apr-18,Max Temperature (Deg C),Weather,WOA,Makkah,38
14-Apr-18,Max Temperature (Deg C),Weather,WOA,Makkah,39
15-Apr-18,Max Temperature (Deg C),Weather,WOA,Makkah,39
16-Apr-18,Max Temperature (Deg C),Weather,WOA,Makkah,40
17-Apr-18,Max Temperature (Deg C),Weather,WOA,Makkah,39
18-Apr-18,Max Temperature (Deg C),Weather,WOA,Makkah,42
19-Apr-18,Max Temperature (Deg C),Weather,WOA,Makkah,42
20-Apr-18,Max Temperature (Deg C),Weather,WOA,Makkah,39.4
21-Apr-18,Max Temperature (Deg C),Weather,WOA,Makkah,40
22-Apr-18,Max Temperature (Deg C),Weather,WOA,Makkah,38.3
23-Apr-18,Max Temperature (Deg C),Weather,WOA,Makkah,38
24-Apr-18,Max Temperature (Deg C),Weather,WOA,Makkah,38.2
25-Apr-18,Max Temperature (Deg C),Weather,WOA,Makkah,37
26-Apr-18,Max Temperature (Deg C),Weather,WOA,Makkah,36.2
27-Apr-18,Max Temperature (Deg C),Weather,WOA,Makkah,35.4
28-Apr-18,Max Temperature (Deg C),Weather,WOA,Makkah,37.4
29-Apr-18,Max Temperature (Deg C),Weather,WOA,Makkah,40
30-Apr-18,Max Temperature (Deg C),Weather,WOA,Makkah,40
1-May-18,Max Temperature (Deg C),Weather,WOA,Makkah,40
2-May-18,Max Temperature (Deg C),Weather,WOA,Makkah,41
3-May-18,Max Temperature (Deg C),Weather,WOA,Makkah,40
4-May-18,Max Temperature (Deg C),Weather,WOA,Makkah,40
5-May-18,Max Temperature (Deg C),Weather,WOA,Makkah,41
6-May-18,Max Temperature (Deg C),Weather,WOA,Makkah,42
7-May-18,Max Temperature (Deg C),Weather,WOA,Makkah,42
8-May-18,Max Temperature (Deg C),Weather,WOA,Makkah,39
9-May-18,Max Temperature (Deg C),Weather,WOA,Makkah,40
10-May-18,Max Temperature (Deg C),Weather,WOA,Makkah,44
11-May-18,Max Temperature (Deg C),Weather,WOA,Makkah,44
12-May-18,Max Temperature (Deg C),Weather,WOA,Makkah,40
13-May-18,Max Temperature (Deg C),Weather,WOA,Makkah,40
14-May-18,Max Temperature (Deg C),Weather,WOA,Makkah,40
15-May-18,Max Temperature (Deg C),Weather,WOA,Makkah,40
16-May-18,Max Temperature (Deg C),Weather,WOA,Makkah,40
17-May-18,Max Temperature (Deg C),Weather,WOA,Makkah,41.4
18-May-18,Max Temperature (Deg C),Weather,WOA,Makkah,44
19-May-18,Max Temperature (Deg C),Weather,WOA,Makkah,45.2
20-May-18,Max Temperature (Deg C),Weather,WOA,Makkah,40
21-May-18,Max Temperature (Deg C),Weather,WOA,Makkah,41
22-May-18,Max Temperature (Deg C),Weather,WOA,Makkah,44
23-May-18,Max Temperature (Deg C),Weather,WOA,Makkah,46.3
24-May-18,Max Temperature (Deg C),Weather,WOA,Makkah,47
25-May-18,Max Temperature (Deg C),Weather,WOA,Makkah,47.2
26-May-18,Max Temperature (Deg C),Weather,WOA,Makkah,47
27-May-18,Max Temperature (Deg C),Weather,WOA,Makkah,46
28-May-18,Max Temperature (Deg C),Weather,WOA,Makkah,46
29-May-18,Max Temperature (Deg C),Weather,WOA,Makkah,44
30-May-18,Max Temperature (Deg C),Weather,WOA,Makkah,45
31-May-18,Max Temperature (Deg C),Weather,WOA,Makkah,42
1-Jun-18,Max Temperature (Deg C),Weather,WOA,Makkah,41
2-Jun-18,Max Temperature (Deg C),Weather,WOA,Makkah,43
3-Jun-18,Max Temperature (Deg C),Weather,WOA,Makkah,43.2
4-Jun-18,Max Temperature (Deg C),Weather,WOA,Makkah,42.1
5-Jun-18,Max Temperature (Deg C),Weather,WOA,Makkah,42
6-Jun-18,Max Temperature (Deg C),Weather,WOA,Makkah,43
7-Jun-18,Max Temperature (Deg C),Weather,WOA,Makkah,44
8-Jun-18,Max Temperature (Deg C),Weather,WOA,Makkah,41
9-Jun-18,Max Temperature (Deg C),Weather,WOA,Makkah,41
10-Jun-18,Max Temperature (Deg C),Weather,WOA,Makkah,41
11-Jun-18,Max Temperature (Deg C),Weather,WOA,Makkah,46
12-Jun-18,Max Temperature (Deg C),Weather,WOA,Makkah,45.4
13-Jun-18,Max Temperature (Deg C),Weather,WOA,Makkah,43
14-Jun-18,Max Temperature (Deg C),Weather,WOA,Makkah,42
15-Jun-18,Max Temperature (Deg C),Weather,WOA,Makkah,43
16-Jun-18,Max Temperature (Deg C),Weather,WOA,Makkah,46
17-Jun-18,Max Temperature (Deg C),Weather,WOA,Makkah,48.2
18-Jun-18,Max Temperature (Deg C),Weather,WOA,Makkah,46
19-Jun-18,Max Temperature (Deg C),Weather,WOA,Makkah,43
20-Jun-18,Max Temperature (Deg C),Weather,WOA,Makkah,44
21-Jun-18,Max Temperature (Deg C),Weather,WOA,Makkah,45.2
22-Jun-18,Max Temperature (Deg C),Weather,WOA,Makkah,45
23-Jun-18,Max Temperature (Deg C),Weather,WOA,Makkah,45
24-Jun-18,Max Temperature (Deg C),Weather,WOA,Makkah,42
25-Jun-18,Max Temperature (Deg C),Weather,WOA,Makkah,43.2
26-Jun-18,Max Temperature (Deg C),Weather,WOA,Makkah,43
27-Jun-18,Max Temperature (Deg C),Weather,WOA,Makkah,44
28-Jun-18,Max Temperature (Deg C),Weather,WOA,Makkah,44.4
29-Jun-18,Max Temperature (Deg C),Weather,WOA,Makkah,42
30-Jun-18,Max Temperature (Deg C),Weather,WOA,Makkah,42.2
1-Jul-18,Max Temperature (Deg C),Weather,WOA,Makkah,44
2-Jul-18,Max Temperature (Deg C),Weather,WOA,Makkah,46
3-Jul-18,Max Temperature (Deg C),Weather,WOA,Makkah,42.1
4-Jul-18,Max Temperature (Deg C),Weather,WOA,Makkah,42
5-Jul-18,Max Temperature (Deg C),Weather,WOA,Makkah,41.4
6-Jul-18,Max Temperature (Deg C),Weather,WOA,Makkah,42.4
7-Jul-18,Max Temperature (Deg C),Weather,WOA,Makkah,43
8-Jul-18,Max Temperature (Deg C),Weather,WOA,Makkah,43
9-Jul-18,Max Temperature (Deg C),Weather,WOA,Makkah,43
10-Jul-18,Max Temperature (Deg C),Weather,WOA,Makkah,42
11-Jul-18,Max Temperature (Deg C),Weather,WOA,Makkah,41.2
12-Jul-18,Max Temperature (Deg C),Weather,WOA,Makkah,42
13-Jul-18,Max Temperature (Deg C),Weather,WOA,Makkah,42
14-Jul-18,Max Temperature (Deg C),Weather,WOA,Makkah,43.2
15-Jul-18,Max Temperature (Deg C),Weather,WOA,Makkah,43.2
16-Jul-18,Max Temperature (Deg C),Weather,WOA,Makkah,43
17-Jul-18,Max Temperature (Deg C),Weather,WOA,Makkah,43
18-Jul-18,Max Temperature (Deg C),Weather,WOA,Makkah,42.3
19-Jul-18,Max Temperature (Deg C),Weather,WOA,Makkah,43
20-Jul-18,Max Temperature (Deg C),Weather,WOA,Makkah,44
21-Jul-18,Max Temperature (Deg C),Weather,WOA,Makkah,45
22-Jul-18,Max Temperature (Deg C),Weather,WOA,Makkah,44
23-Jul-18,Max Temperature (Deg C),Weather,WOA,Makkah,42
24-Jul-18,Max Temperature (Deg C),Weather,WOA,Makkah,43.4
25-Jul-18,Max Temperature (Deg C),Weather,WOA,Makkah,42
26-Jul-18,Max Temperature (Deg C),Weather,WOA,Makkah,44
27-Jul-18,Max Temperature (Deg C),Weather,WOA,Makkah,44.4
28-Jul-18,Max Temperature (Deg C),Weather,WOA,Makkah,41.2
29-Jul-18,Max Temperature (Deg C),Weather,WOA,Makkah,42
30-Jul-18,Max Temperature (Deg C),Weather,WOA,Makkah,41.2
31-Jul-18,Max Temperature (Deg C),Weather,WOA,Makkah,42
1-Aug-18,Max Temperature (Deg C),Weather,WOA,Makkah,43
2-Aug-18,Max Temperature (Deg C),Weather,WOA,Makkah,42.4
3-Aug-18,Max Temperature (Deg C),Weather,WOA,Makkah,42
4-Aug-18,Max Temperature (Deg C),Weather,WOA,Makkah,43
5-Aug-18,Max Temperature (Deg C),Weather,WOA,Makkah,44
6-Aug-18,Max Temperature (Deg C),Weather,WOA,Makkah,43
7-Aug-18,Max Temperature (Deg C),Weather,WOA,Makkah,35
,,,,,
